,id,price1
0,2242,404.0
1,20532,295.0
2,10648,523.0
3,20677,1434.0
4,12593,456.0
5,11159,461.0
6,10680,1160.0
7,6433,2057.0
8,2794,225.0
9,11579,1095.0
10,13859,245.0
11,12260,496.0
12,18254,429.0
13,19453,551.0
14,8121,1015.0
15,9791,568.0
16,7402,1937.0
17,3205,236.0
18,14489,349.0
19,10607,734.0
20,3659,491.0
21,7625,503.0
22,12862,3308.0
23,13985,462.0
24,10206,495.0
25,6889,2614.0
26,17791,751.0
27,8920,2196.0
28,15762,419.0
29,9762,339.0
30,15247,689.0
31,14490,224.0
32,3545,296.0
33,4122,521.0
34,9075,487.0
35,17580,547.0
36,15546,623.0
37,16679,384.0
38,7800,553.0
39,10314,283.0
40,20247,557.0
41,10068,1144.0
42,971,416.0
43,3832,438.0
44,6052,2169.0
45,12718,4195.0
46,11469,346.0
47,10655,553.0
48,5933,456.0
49,7000,338.0
50,18084,496.0
51,20918,2397.0
52,16193,839.0
53,6116,1935.0
54,7581,373.0
55,2214,452.0
56,19489,542.0
57,2592,1428.0
58,14541,1432.0
59,5584,507.0
60,20002,632.0
61,341,2432.0
62,10363,840.0
63,12292,383.0
64,19769,375.0
65,4521,134.0
66,8402,176.0
67,8485,423.0
68,7561,340.0
69,9885,275.0
70,2582,551.0
71,8209,231.0
72,13611,570.0
73,13591,254.0
74,9676,354.0
75,13851,585.0
76,16691,519.0
77,17785,571.0
78,18685,450.0
79,3369,752.0
80,16066,767.0
81,3003,751.0
82,18981,247.0
83,13554,614.0
84,11588,429.0
85,16379,2968.0
86,12575,503.0
87,9249,244.0
88,15449,302.0
89,20597,552.0
90,12342,1208.0
91,9065,459.0
92,17968,473.0
93,17803,951.0
94,13495,469.0
95,11078,1463.0
96,19475,707.0
97,19860,310.0
98,805,490.0
99,1,795.0
100,13151,551.0
101,4133,785.0
102,446,622.0
103,18830,1193.0
104,7909,477.0
105,13969,1011.0
106,6901,2281.0
107,3961,2898.0
108,10150,1089.0
109,4490,620.0
110,5897,261.0
111,20844,527.0
112,19011,802.0
113,18577,525.0
114,3555,606.0
115,15716,559.0
116,20324,506.0
117,18654,1897.0
118,8184,331.0
119,4349,197.0
120,13737,253.0
121,10749,554.0
122,19921,560.0
123,15467,720.0
124,10725,329.0
125,18354,530.0
126,153,440.0
127,8961,665.0
128,501,532.0
129,18332,186.0
130,4068,719.0
131,13206,499.0
132,15926,585.0
133,20705,493.0
134,15433,554.0
135,16477,571.0
136,15608,545.0
137,4957,220.0
138,9095,397.0
139,12618,534.0
140,17259,218.0
141,6906,381.0
142,20713,295.0
143,15305,586.0
144,5370,491.0
145,20079,545.0
146,5574,352.0
147,8049,80.0
148,3493,2406.0
149,7390,583.0
150,12996,545.0
151,150,406.0
152,7941,499.0
153,16993,465.0
154,18502,571.0
155,1046,357.0
156,17121,369.0
157,15629,940.0
158,18932,549.0
159,8131,487.0
160,6926,418.0
161,11131,507.0
162,10941,358.0
163,12030,307.0
164,17959,481.0
165,14464,433.0
166,18288,315.0
167,17404,739.0
168,930,2166.0
169,10001,418.0
170,7044,2765.0
171,17375,366.0
172,13231,424.0
173,3147,1008.0
174,4856,522.0
175,14757,704.0
176,14918,583.0
177,10947,192.0
178,17853,445.0
179,6359,768.0
180,14331,495.0
181,6111,258.0
182,20276,2780.0
183,10660,1533.0
184,4222,550.0
185,20592,572.0
186,1023,2024.0
187,14844,347.0
188,11145,589.0
189,12578,518.0
190,8668,256.0
191,18474,555.0
192,9807,323.0
193,15911,1012.0
194,3721,802.0
195,19353,578.0
196,17362,512.0
197,11120,518.0
198,18867,348.0
199,17178,320.0
200,6879,354.0
201,4802,400.0
202,15451,219.0
203,15857,434.0
204,3179,737.0
205,7258,421.0
206,6247,273.0
207,14378,915.0
208,9308,1110.0
209,8879,357.0
210,9484,506.0
211,7676,600.0
212,14419,766.0
213,19097,210.0
214,168,1354.0
215,4427,218.0
216,12771,640.0
217,17299,435.0
218,5118,536.0
219,12040,594.0
220,13747,665.0
221,18751,485.0
222,5227,431.0
223,12100,823.0
224,17604,450.0
225,1218,370.0
226,18775,280.0
227,10853,238.0
228,3168,287.0
229,14636,224.0
230,7927,297.0
231,17035,688.0
232,8762,412.0
233,2152,474.0
234,17152,276.0
235,9824,313.0
236,8142,3485.0
237,15932,796.0
238,1141,419.0
239,17330,2861.0
240,19889,405.0
241,4915,749.0
242,693,553.0
243,14449,409.0
244,1975,544.0
245,4055,554.0
246,13336,493.0
247,15678,595.0
248,8491,567.0
249,15115,318.0
250,14146,544.0
251,19296,425.0
252,13281,340.0
253,20363,403.0
254,13879,306.0
255,7859,295.0
256,18819,476.0
257,3538,370.0
258,13185,313.0
259,10595,472.0
260,857,672.0
261,7654,522.0
262,12429,503.0
263,18200,542.0
264,9710,524.0
265,12240,772.0
266,2939,339.0
267,120,399.0
268,11548,956.0
269,5261,1290.0
270,5598,537.0
271,7679,893.0
272,1820,530.0
273,3259,487.0
274,623,328.0
275,10503,528.0
276,9267,553.0
277,16624,1047.0
278,20850,497.0
279,9821,557.0
280,4693,508.0
281,14824,695.0
282,14096,495.0
283,6149,595.0
284,6373,551.0
285,12989,495.0
286,5547,567.0
287,5420,2964.0
288,2058,734.0
289,20958,572.0
290,13945,965.0
291,6245,513.0
292,15624,228.0
293,13317,263.0
294,1802,439.0
295,18216,390.0
296,17276,501.0
297,10247,474.0
298,9532,1568.0
299,1568,685.0
300,13427,616.0
301,12689,302.0
302,9955,837.0
303,8860,643.0
304,9425,569.0
305,19772,1194.0
306,5233,1019.0
307,12556,694.0
308,11977,262.0
309,17523,691.0
310,4760,856.0
311,17714,449.0
312,12022,234.0
313,9905,2641.0
314,205,548.0
315,11438,298.0
316,13352,583.0
317,17203,430.0
318,650,390.0
319,11186,2826.0
320,6485,468.0
321,17370,3772.0
322,19084,532.0
323,6484,708.0
324,5341,306.0
325,8138,779.0
326,8708,388.0
327,6397,598.0
328,12836,540.0
329,12251,337.0
330,17860,203.0
331,2181,500.0
332,19757,583.0
333,143,412.0
334,13111,598.0
335,7723,798.0
336,13060,428.0
337,7508,546.0
338,12366,389.0
339,10779,733.0
340,11653,466.0
341,13751,479.0
342,15564,528.0
343,11454,7.0
344,10572,740.0
345,5140,396.0
346,1523,372.0
347,20160,1013.0
348,9103,415.0
349,14595,2180.0
350,9727,568.0
351,7265,554.0
352,15253,519.0
353,15590,894.0
354,9682,328.0
355,15271,474.0
356,18032,507.0
357,14029,535.0
358,8552,521.0
359,15074,515.0
360,11288,162.0
361,20607,1701.0
362,1184,518.0
363,1651,439.0
364,7177,471.0
365,1834,231.0
366,17391,2540.0
367,9564,443.0
368,17589,465.0
369,2022,496.0
370,1552,566.0
371,7158,545.0
372,7311,244.0
373,20026,446.0
374,16405,1747.0
375,17235,460.0
376,15558,651.0
377,8468,554.0
378,7424,568.0
379,7307,2120.0
380,18602,801.0
381,7421,306.0
382,2801,360.0
383,6154,243.0
384,3296,414.0
385,8568,693.0
386,9285,221.0
387,16978,513.0
388,17817,1727.0
389,7127,1183.0
390,6890,322.0
391,3057,243.0
392,10994,384.0
393,10840,554.0
394,14037,966.0
395,9685,509.0
396,14404,455.0
397,9165,382.0
398,6006,246.0
399,5819,258.0
400,8709,263.0
401,18154,510.0
402,808,446.0
403,9059,502.0
404,15285,444.0
405,2081,2827.0
406,17823,346.0
407,15500,1222.0
408,1068,605.0
409,9008,541.0
410,4204,591.0
411,6919,1321.0
412,12720,806.0
413,15904,475.0
414,5606,306.0
415,8893,569.0
416,12084,258.0
417,7485,367.0
418,11935,524.0
419,17576,305.0
420,10746,566.0
421,426,526.0
422,364,3202.0
423,12415,448.0
424,5546,460.0
425,12801,785.0
426,4203,2372.0
427,12857,313.0
428,3163,203.0
429,20485,1630.0
430,10786,296.0
431,20165,818.0
432,8038,236.0
433,7474,311.0
434,16133,2035.0
435,12048,570.0
436,911,240.0
437,14767,520.0
438,19044,415.0
439,12538,615.0
440,11676,529.0
441,154,247.0
442,4829,1760.0
443,2485,719.0
444,15721,249.0
445,16235,1076.0
446,8337,980.0
447,15320,276.0
448,6963,446.0
449,5470,372.0
450,1262,479.0
451,4487,451.0
452,4409,260.0
453,4027,1027.0
454,2,234.0
455,17707,765.0
456,10810,545.0
457,381,441.0
458,3743,290.0
459,6388,503.0
460,13531,548.0
461,9761,554.0
462,11540,499.0
463,10024,488.0
464,19053,556.0
465,20654,508.0
466,17347,239.0
467,7237,280.0
468,18971,490.0
469,17000,295.0
470,19585,548.0
471,14974,799.0
472,13045,488.0
473,11866,1475.0
474,16764,147.0
475,8099,657.0
476,10714,857.0
477,7537,273.0
478,1828,453.0
479,8170,613.0
480,7499,502.0
481,18825,742.0
482,13661,263.0
483,9501,534.0
484,1706,581.0
485,2739,558.0
486,17997,506.0
487,487,453.0
488,7782,557.0
489,2373,1680.0
490,17478,435.0
491,615,688.0
492,3741,260.0
493,14957,414.0
494,430,512.0
495,2007,295.0
496,17652,461.0
497,18160,314.0
498,8735,569.0
499,18121,860.0
500,4125,2883.0
501,6897,326.0
502,16646,377.0
503,13731,570.0
504,4524,547.0
505,14108,1022.0
506,17782,505.0
507,7382,598.0
508,11839,554.0
509,15281,226.0
510,14840,1070.0
511,17682,493.0
512,9898,408.0
513,18766,555.0
514,13555,764.0
515,3798,294.0
516,9207,470.0
517,10862,538.0
518,10624,540.0
519,10905,350.0
520,19255,521.0
521,18233,569.0
522,4872,356.0
523,9626,303.0
524,13113,540.0
525,18793,479.0
526,15019,515.0
527,7970,175.0
528,6346,1093.0
529,3287,566.0
530,9179,671.0
531,5523,1429.0
532,3676,470.0
533,5772,528.0
534,18087,465.0
535,8476,498.0
536,3375,777.0
537,14759,539.0
538,13247,650.0
539,20691,326.0
540,17700,251.0
541,4998,420.0
542,8528,507.0
543,2700,500.0
544,14012,493.0
545,7375,526.0
546,12102,572.0
547,7804,757.0
548,13608,1109.0
549,11052,521.0
550,13933,519.0
551,9043,236.0
552,14417,554.0
553,13488,1081.0
554,13607,527.0
555,950,1493.0
556,20644,1731.0
557,6002,2687.0
558,18246,1233.0
559,10561,310.0
560,7439,243.0
561,20636,307.0
562,11782,767.0
563,8554,1600.0
564,6651,582.0
565,11948,500.0
566,17885,331.0
567,20649,1956.0
568,20433,176.0
569,14405,536.0
570,1959,695.0
571,17026,2403.0
572,10442,327.0
573,12912,498.0
574,18348,233.0
575,17934,2798.0
576,8428,208.0
577,6200,472.0
578,10687,573.0
579,16547,716.0
580,5778,268.0
581,18683,2061.0
582,19052,1941.0
583,18688,572.0
584,18266,716.0
585,4292,793.0
586,719,575.0
587,18846,2407.0
588,12644,488.0
589,17614,555.0
590,20756,693.0
591,1408,426.0
592,19075,511.0
593,11681,529.0
594,10488,554.0
595,17223,721.0
596,10992,543.0
597,19379,1721.0
598,10896,283.0
599,18871,244.0
600,2815,402.0
601,18307,495.0
602,19536,306.0
603,12667,3352.0
604,16623,451.0
605,1628,550.0
606,17431,586.0
607,7934,338.0
608,12817,387.0
609,5156,755.0
610,6588,467.0
611,14847,691.0
612,1775,730.0
613,19167,866.0
614,2929,510.0
615,9609,312.0
616,16711,1373.0
617,20594,752.0
618,8202,1745.0
619,4507,336.0
620,1944,566.0
621,18003,416.0
622,14287,3819.0
623,2224,290.0
624,6178,459.0
625,6267,1022.0
626,10508,688.0
627,8089,420.0
628,3450,290.0
629,14507,558.0
630,18783,232.0
631,15726,577.0
632,20260,519.0
633,10638,539.0
634,10414,473.0
635,19375,570.0
636,1902,581.0
637,13834,774.0
638,11807,2059.0
639,741,426.0
640,10497,521.0
641,12241,1912.0
642,4714,527.0
643,8258,1791.0
644,13588,1162.0
645,17446,377.0
646,732,840.0
647,3326,1803.0
648,12012,272.0
649,5688,325.0
650,13342,409.0
651,6583,413.0
652,4774,748.0
653,6026,201.0
654,7111,531.0
655,15353,464.0
656,18425,534.0
657,2368,371.0
658,10979,430.0
659,7717,576.0
660,1576,300.0
661,7154,583.0
662,15871,514.0
663,18659,491.0
664,3162,451.0
665,5694,516.0
666,11042,473.0
667,7370,296.0
668,5218,553.0
669,7190,545.0
670,9020,2903.0
671,19313,475.0
672,5550,582.0
673,4359,535.0
674,17103,410.0
675,4795,1785.0
676,8197,298.0
677,2953,444.0
678,10716,1958.0
679,3746,507.0
680,14973,439.0
681,20578,978.0
682,1564,1335.0
683,5424,760.0
684,12116,419.0
685,20085,387.0
686,3762,101.0
687,2406,219.0
688,19657,375.0
689,7855,289.0
690,16586,520.0
691,9799,509.0
692,11444,177.0
693,11800,518.0
694,3107,876.0
695,20285,1261.0
696,9080,509.0
697,6635,757.0
698,17395,310.0
699,12184,825.0
700,17100,279.0
701,16148,1064.0
702,7903,511.0
703,12608,1227.0
704,666,480.0
705,18100,571.0
706,14717,331.0
707,13324,521.0
708,14189,335.0
709,3461,1745.0
710,19775,1429.0
711,4075,316.0
712,19111,542.0
713,7551,224.0
714,20848,283.0
715,9140,538.0
716,6740,555.0
717,15578,391.0
718,14791,294.0
719,16497,681.0
720,13686,1021.0
721,20762,436.0
722,2364,314.0
723,12545,414.0
724,10225,993.0
725,13221,229.0
726,14812,263.0
727,16530,442.0
728,315,369.0
729,6953,341.0
730,4723,990.0
731,17802,599.0
732,11484,4259.0
733,1874,274.0
734,4649,230.0
735,18207,495.0
736,4386,523.0
737,6434,566.0
738,3069,535.0
739,15930,570.0
740,14733,401.0
741,3883,481.0
742,9445,553.0
743,2352,581.0
744,9247,697.0
745,15399,279.0
746,18039,569.0
747,15398,591.0
748,15033,395.0
749,4934,565.0
750,3224,492.0
751,18343,2361.0
752,10785,587.0
753,12486,2395.0
754,17587,452.0
755,11340,270.0
756,9742,538.0
757,5505,442.0
758,20423,224.0
759,15009,520.0
760,8734,524.0
761,2263,481.0
762,136,397.0
763,12916,544.0
764,3873,462.0
765,11464,468.0
766,4512,490.0
767,6069,402.0
768,18268,527.0
769,14624,639.0
770,10060,313.0
771,17500,587.0
772,1898,191.0
773,448,342.0
774,18279,506.0
775,11814,472.0
776,5878,304.0
777,20559,783.0
778,95,620.0
779,11020,500.0
780,20380,513.0
781,3868,1805.0
782,8365,756.0
783,17476,445.0
784,11208,538.0
785,3037,305.0
786,8940,462.0
787,2491,490.0
788,2404,812.0
789,20204,358.0
790,11037,2012.0
791,3814,2520.0
792,6838,1563.0
793,4456,224.0
794,4646,507.0
795,15179,1343.0
796,18208,235.0
797,10478,526.0
798,17102,2256.0
799,20097,396.0
800,18990,722.0
801,18569,873.0
802,11445,268.0
803,20948,523.0
804,16346,645.0
805,12943,513.0
806,18835,495.0
807,1589,542.0
808,13127,537.0
809,11731,448.0
810,937,1361.0
811,7788,2423.0
812,8664,221.0
813,8067,382.0
814,1779,585.0
815,9520,463.0
816,6943,808.0
817,13212,564.0
818,8456,2554.0
819,14297,242.0
820,9677,541.0
821,19908,4124.0
822,11764,439.0
823,13543,464.0
824,15722,558.0
825,1989,264.0
826,11105,358.0
827,13906,569.0
828,20739,237.0
829,8778,1350.0
830,6720,617.0
831,15000,209.0
832,2021,1831.0
833,14950,1508.0
834,16974,235.0
835,9174,552.0
836,10376,399.0
837,16875,373.0
838,20791,617.0
839,1495,568.0
840,14807,345.0
841,17196,655.0
842,3126,311.0
843,224,192.0
844,4431,416.0
845,17635,218.0
846,10562,414.0
847,18993,932.0
848,16661,556.0
849,8248,250.0
850,13296,510.0
851,14649,1352.0
852,5229,2603.0
853,870,415.0
854,8417,428.0
855,18408,451.0
856,10985,473.0
857,14380,1402.0
858,1533,806.0
859,17366,3309.0
860,4062,893.0
861,11915,594.0
862,12151,608.0
863,10307,509.0
864,15813,568.0
865,2557,485.0
866,10761,1434.0
867,11718,461.0
868,16459,233.0
869,15032,1637.0
870,5471,471.0
871,19998,1956.0
872,18633,205.0
873,16221,445.0
874,9290,613.0
875,10743,544.0
876,5266,1938.0
877,14926,311.0
878,13230,479.0
879,15913,202.0
880,9147,522.0
881,9818,479.0
882,14995,1501.0
883,6422,246.0
884,15945,3319.0
885,17358,175.0
886,6020,548.0
887,9120,693.0
888,13362,1224.0
889,7543,834.0
890,13076,3640.0
891,10332,568.0
892,1861,204.0
893,14118,558.0
894,12920,487.0
895,17466,330.0
896,13515,455.0
897,8717,1276.0
898,20453,481.0
899,3021,275.0
900,16358,480.0
901,601,502.0
902,5659,365.0
903,3214,536.0
904,14901,219.0
905,5559,523.0
906,4572,537.0
907,2866,267.0
908,16079,598.0
909,4661,572.0
910,5125,79.0
911,2762,558.0
912,6515,295.0
913,12736,558.0
914,10483,803.0
915,15443,294.0
916,13449,738.0
917,2577,422.0
918,18251,280.0
919,5512,1475.0
920,18184,572.0
921,17022,359.0
922,7408,2859.0
923,11195,458.0
924,7798,427.0
925,14413,1072.0
926,18543,476.0
927,8973,839.0
928,14726,323.0
929,13668,489.0
930,15631,305.0
931,1417,2345.0
932,14360,517.0
933,15657,519.0
934,11428,1894.0
935,12915,458.0
936,10781,412.0
937,16938,526.0
938,14497,2406.0
939,10410,1078.0
940,8210,589.0
941,16391,216.0
942,10635,415.0
943,11984,443.0
944,11768,707.0
945,10128,825.0
946,5248,279.0
947,17386,478.0
948,9322,1159.0
949,4372,413.0
950,1203,459.0
951,17749,245.0
952,14161,528.0
953,1584,537.0
954,5954,623.0
955,12217,258.0
956,3531,377.0
957,16022,1523.0
958,9920,1000.0
959,7151,667.0
960,15096,276.0
961,10731,501.0
962,1671,470.0
963,7975,355.0
964,3374,260.0
965,20089,1502.0
966,15046,288.0
967,8375,1912.0
968,18434,983.0
969,12944,1045.0
970,18201,527.0
971,14654,570.0
972,8846,424.0
973,19426,547.0
974,3002,461.0
975,16898,418.0
976,12381,458.0
977,5403,294.0
978,10636,530.0
979,17657,505.0
980,5906,650.0
981,20124,515.0
982,5467,327.0
983,15521,488.0
984,69,553.0
985,20890,2864.0
986,10868,507.0
987,583,466.0
988,10035,577.0
989,11101,694.0
990,428,599.0
991,5356,544.0
992,3399,417.0
993,4782,554.0
994,17495,269.0
995,10586,488.0
996,10653,553.0
997,16097,1242.0
998,16841,565.0
999,4995,971.0
1000,642,329.0
1001,4535,486.0
1002,19798,262.0
1003,13801,822.0
1004,17177,280.0
1005,10682,819.0
1006,20807,248.0
1007,9953,226.0
1008,6830,315.0
1009,6626,276.0
1010,14393,571.0
1011,11830,1908.0
1012,8703,343.0
1013,1541,415.0
1014,15169,371.0
1015,9246,439.0
1016,11356,507.0
1017,17931,475.0
1018,4071,378.0
1019,15967,918.0
1020,14434,1425.0
1021,18395,447.0
1022,12054,372.0
1023,7978,472.0
1024,3998,371.0
1025,844,340.0
1026,9917,445.0
1027,789,1466.0
1028,4380,280.0
1029,17154,535.0
1030,12305,752.0
1031,10217,584.0
1032,15029,526.0
1033,18588,216.0
1034,15108,680.0
1035,4398,721.0
1036,20298,596.0
1037,8637,840.0
1038,7803,491.0
1039,2234,730.0
1040,18852,902.0
1041,4917,613.0
1042,17300,506.0
1043,6672,252.0
1044,4035,537.0
1045,906,1187.0
1046,10733,1416.0
1047,18020,766.0
1048,9656,814.0
1049,16982,595.0
1050,16418,509.0
1051,7305,637.0
1052,14375,1064.0
1053,19926,1881.0
1054,1192,560.0
1055,4373,602.0
1056,20095,630.0
1057,17288,1238.0
1058,19227,440.0
1059,12811,442.0
1060,11345,1031.0
1061,8577,539.0
1062,13321,1495.0
1063,9861,337.0
1064,738,603.0
1065,11672,2048.0
1066,19516,476.0
1067,12511,463.0
1068,7145,439.0
1069,17837,451.0
1070,17209,1624.0
1071,1657,222.0
1072,3384,320.0
1073,11526,668.0
1074,16394,545.0
1075,18417,541.0
1076,20418,1926.0
1077,5176,1184.0
1078,555,468.0
1079,10989,191.0
1080,14880,540.0
1081,1800,1288.0
1082,17094,1703.0
1083,5013,492.0
1084,9176,552.0
1085,16519,1333.0
1086,12873,379.0
1087,9013,2181.0
1088,13103,268.0
1089,6344,525.0
1090,20034,459.0
1091,5940,260.0
1092,19000,2362.0
1093,17586,591.0
1094,8862,457.0
1095,1050,455.0
1096,8823,188.0
1097,15413,249.0
1098,3096,195.0
1099,9433,2347.0
1100,12871,552.0
1101,12540,1031.0
1102,2963,867.0
1103,11967,555.0
1104,4236,387.0
1105,17353,205.0
1106,5905,206.0
1107,13596,528.0
1108,394,1239.0
1109,16802,209.0
1110,10281,914.0
1111,8413,442.0
1112,8791,458.0
1113,6727,384.0
1114,20572,1942.0
1115,18357,557.0
1116,509,221.0
1117,7945,553.0
1118,4242,155.0
1119,13666,569.0
1120,10176,371.0
1121,922,702.0
1122,20814,1269.0
1123,20273,1648.0
1124,17133,545.0
1125,15485,536.0
1126,8300,1665.0
1127,4796,251.0
1128,807,1758.0
1129,14138,871.0
1130,14198,249.0
1131,11049,450.0
1132,12603,744.0
1133,20417,752.0
1134,9312,490.0
1135,5492,812.0
1136,6511,282.0
1137,8071,3051.0
1138,16034,1405.0
1139,13357,233.0
1140,7088,673.0
1141,7694,606.0
1142,1986,290.0
1143,17129,624.0
1144,8119,537.0
1145,17122,417.0
1146,11802,518.0
1147,3059,503.0
1148,13192,569.0
1149,7120,301.0
1150,10165,357.0
1151,6401,271.0
1152,4969,927.0
1153,329,361.0
1154,6273,2528.0
1155,20767,307.0
1156,3090,771.0
1157,14579,318.0
1158,18980,346.0
1159,12323,222.0
1160,18810,720.0
1161,17398,435.0
1162,5834,530.0
1163,16580,916.0
1164,13150,493.0
1165,17130,340.0
1166,343,450.0
1167,15363,2906.0
1168,31,518.0
1169,10693,386.0
1170,16963,460.0
1171,15850,1380.0
1172,10133,794.0
1173,6309,748.0
1174,8527,596.0
1175,19152,375.0
1176,17648,540.0
1177,10526,374.0
1178,20386,1494.0
1179,10110,413.0
1180,17442,488.0
1181,20870,391.0
1182,11243,170.0
1183,4366,566.0
1184,10037,2359.0
1185,1388,380.0
1186,5963,607.0
1187,7414,446.0
1188,6308,567.0
1189,16837,432.0
1190,19290,392.0
1191,3582,424.0
1192,2556,250.0
1193,13510,599.0
1194,5893,1243.0
1195,13487,351.0
1196,15973,516.0
1197,6692,546.0
1198,13844,358.0
1199,15616,504.0
1200,12198,396.0
1201,6159,542.0
1202,19871,491.0
1203,2725,507.0
1204,16158,797.0
1205,470,1613.0
1206,2702,525.0
1207,15632,515.0
1208,12542,862.0
1209,10437,597.0
1210,4611,561.0
1211,16822,449.0
1212,19294,255.0
1213,11324,411.0
1214,6970,583.0
1215,10175,382.0
1216,14822,740.0
1217,1833,2032.0
1218,9640,317.0
1219,9476,378.0
1220,2194,4.0
1221,5673,522.0
1222,17385,689.0
1223,641,1984.0
1224,9098,468.0
1225,13575,359.0
1226,20579,683.0
1227,6887,498.0
1228,18403,510.0
1229,17460,540.0
1230,12092,1938.0
1231,7170,475.0
1232,13416,785.0
1233,14954,261.0
1234,316,810.0
1235,5764,297.0
1236,10121,529.0
1237,14026,540.0
1238,6659,742.0
1239,3665,591.0
1240,13956,540.0
1241,20288,386.0
1242,674,477.0
1243,20179,321.0
1244,13764,744.0
1245,19311,411.0
1246,10319,262.0
1247,9049,532.0
1248,2061,534.0
1249,20293,281.0
1250,8646,568.0
1251,11538,405.0
1252,2809,329.0
1253,8722,428.0
1254,17445,249.0
1255,10457,544.0
1256,921,576.0
1257,20788,1164.0
1258,6698,1475.0
1259,14538,489.0
1260,20712,279.0
1261,12747,252.0
1262,535,1534.0
1263,15592,390.0
1264,2878,234.0
1265,15334,472.0
1266,6360,1026.0
1267,6942,632.0
1268,5301,496.0
1269,5848,472.0
1270,4721,1663.0
1271,1610,229.0
1272,1015,946.0
1273,11581,379.0
1274,20931,322.0
1275,13558,450.0
1276,2329,258.0
1277,5917,315.0
1278,5877,903.0
1279,19994,296.0
1280,13527,435.0
1281,17744,557.0
1282,12659,405.0
1283,13916,459.0
1284,7539,1428.0
1285,13249,501.0
1286,12711,353.0
1287,1755,1849.0
1288,11128,947.0
1289,12205,351.0
1290,8705,433.0
1291,2232,535.0
1292,18611,165.0
1293,17789,490.0
1294,2494,401.0
1295,5151,294.0
1296,14246,1337.0
1297,12316,771.0
1298,2347,476.0
1299,8964,794.0
1300,16951,361.0
1301,6391,778.0
1302,1359,545.0
1303,19461,287.0
1304,13326,919.0
1305,12248,262.0
1306,14094,244.0
1307,3151,1259.0
1308,11402,508.0
1309,20093,287.0
1310,18520,1141.0
1311,14642,1938.0
1312,4462,485.0
1313,4143,456.0
1314,20601,827.0
1315,1531,273.0
1316,16052,539.0
1317,20359,701.0
1318,7880,487.0
1319,10554,461.0
1320,19335,233.0
1321,6225,372.0
1322,13233,276.0
1323,7790,626.0
1324,13070,370.0
1325,13865,296.0
1326,12704,238.0
1327,9487,678.0
1328,13049,2034.0
1329,7415,551.0
1330,17230,377.0
1331,14134,489.0
1332,6522,246.0
1333,7171,425.0
1334,16012,498.0
1335,6163,557.0
1336,14193,555.0
1337,8238,718.0
1338,17513,525.0
1339,4468,552.0
1340,20810,166.0
1341,14407,276.0
1342,18848,2119.0
1343,18010,570.0
1344,17017,525.0
1345,10423,479.0
1346,17901,846.0
1347,8046,402.0
1348,10436,599.0
1349,12247,495.0
1350,5658,450.0
1351,18698,190.0
1352,18171,376.0
1353,18433,436.0
1354,12237,463.0
1355,17101,288.0
1356,10309,187.0
1357,12283,599.0
1358,14077,1284.0
1359,4958,552.0
1360,3207,281.0
1361,4289,219.0
1362,17571,465.0
1363,4783,594.0
1364,859,447.0
1365,17578,3037.0
1366,3176,596.0
1367,2889,1164.0
1368,231,331.0
1369,449,1534.0
1370,7937,243.0
1371,6197,527.0
1372,15612,250.0
1373,181,581.0
1374,18562,587.0
1375,3243,1248.0
1376,14858,246.0
1377,5267,444.0
1378,5892,235.0
1379,16868,390.0
1380,12888,215.0
1381,1189,1082.0
1382,1854,732.0
1383,6039,558.0
1384,3647,705.0
1385,3729,536.0
1386,17340,557.0
1387,5258,478.0
1388,5648,390.0
1389,16339,335.0
1390,10728,1291.0
1391,990,586.0
1392,5894,928.0
1393,11311,187.0
1394,3572,470.0
1395,18586,571.0
1396,1979,1003.0
1397,2796,296.0
1398,17787,57.0
1399,11983,418.0
1400,14355,2531.0
1401,1724,509.0
1402,18601,587.0
1403,17813,180.0
1404,8867,507.0
1405,617,340.0
1406,13701,495.0
1407,7604,462.0
1408,18555,539.0
1409,11804,473.0
1410,16121,1866.0
1411,16007,871.0
1412,7920,268.0
1413,13730,645.0
1414,19654,980.0
1415,14797,555.0
1416,15719,470.0
1417,19944,306.0
1418,4882,1534.0
1419,15333,555.0
1420,10199,568.0
1421,16636,585.0
1422,20938,529.0
1423,15396,148.0
1424,16217,556.0
1425,19827,1254.0
1426,1749,455.0
1427,16980,293.0
1428,15838,360.0
1429,12449,463.0
1430,19260,283.0
1431,13755,444.0
1432,14593,294.0
1433,6870,243.0
1434,19738,457.0
1435,5394,540.0
1436,3544,590.0
1437,8795,386.0
1438,16954,964.0
1439,5232,370.0
1440,14513,1689.0
1441,5209,386.0
1442,11779,705.0
1443,1265,691.0
1444,12759,569.0
1445,4880,492.0
1446,17124,554.0
1447,20270,237.0
1448,2435,1486.0
1449,363,524.0
1450,18298,2709.0
1451,18924,416.0
1452,14274,570.0
1453,20771,477.0
1454,1481,239.0
1455,12917,416.0
1456,4389,242.0
1457,17283,537.0
1458,5305,2177.0
1459,5217,512.0
1460,20779,462.0
1461,9618,723.0
1462,10588,403.0
1463,2056,481.0
1464,1090,382.0
1465,13982,440.0
1466,13831,353.0
1467,17844,942.0
1468,4791,492.0
1469,10515,333.0
1470,8072,519.0
1471,12568,679.0
1472,12566,448.0
1473,4873,296.0
1474,19331,1141.0
1475,6548,2899.0
1476,6045,1471.0
1477,8647,384.0
1478,2639,318.0
1479,11180,488.0
1480,18589,2969.0
1481,17294,290.0
1482,15972,624.0
1483,352,423.0
1484,8830,157.0
1485,8874,386.0
1486,1437,1697.0
1487,11810,448.0
1488,10661,503.0
1489,6113,660.0
1490,15446,450.0
1491,4263,523.0
1492,16570,437.0
1493,4231,565.0
1494,6281,399.0
1495,16250,249.0
1496,5365,361.0
1497,54,172.0
1498,12749,215.0
1499,586,405.0
1500,6315,597.0
1501,10280,629.0
1502,12388,449.0
1503,638,348.0
1504,3482,376.0
1505,3252,349.0
1506,6718,231.0
1507,12353,539.0
1508,2116,369.0
1509,7219,554.0
1510,12639,223.0
1511,18642,2343.0
1512,10841,493.0
1513,13081,550.0
1514,13302,510.0
1515,16466,463.0
1516,9580,414.0
1517,8437,302.0
1518,6131,710.0
1519,2714,1459.0
1520,4551,469.0
1521,8185,1355.0
1522,5101,556.0
1523,15070,1924.0
1524,5092,366.0
1525,145,421.0
1526,7029,427.0
1527,582,548.0
1528,8713,472.0
1529,12809,216.0
1530,13886,487.0
1531,20385,331.0
1532,11432,569.0
1533,14455,548.0
1534,14651,198.0
1535,10529,128.0
1536,9090,135.0
1537,4748,611.0
1538,11749,675.0
1539,5020,299.0
1540,20024,542.0
1541,18722,392.0
1542,4241,375.0
1543,28,978.0
1544,6554,472.0
1545,3806,468.0
1546,4215,198.0
1547,6366,642.0
1548,13333,556.0
1549,14925,479.0
1550,16549,523.0
1551,14293,113.0
1552,13830,462.0
1553,17328,269.0
1554,3240,551.0
1555,5418,485.0
1556,2732,1438.0
1557,18677,254.0
1558,3853,266.0
1559,12993,255.0
1560,9883,358.0
1561,7837,379.0
1562,10209,1536.0
1563,14523,414.0
1564,954,353.0
1565,7529,453.0
1566,17651,535.0
1567,19572,594.0
1568,11354,896.0
1569,9743,479.0
1570,987,302.0
1571,20551,2528.0
1572,16348,194.0
1573,11079,713.0
1574,11025,825.0
1575,12062,480.0
1576,13123,544.0
1577,14494,385.0
1578,3830,566.0
1579,5653,552.0
1580,20027,647.0
1581,10559,554.0
1582,14838,2812.0
1583,2297,522.0
1584,16677,3007.0
1585,14425,130.0
1586,12232,298.0
1587,9369,307.0
1588,5993,238.0
1589,4322,466.0
1590,8553,1075.0
1591,20144,465.0
1592,17176,835.0
1593,16897,449.0
1594,19312,303.0
1595,12393,559.0
1596,704,596.0
1597,15569,500.0
1598,16157,1210.0
1599,3990,280.0
1600,12239,3493.0
1601,20480,798.0
1602,16495,295.0
1603,15855,545.0
1604,11959,736.0
1605,7349,456.0
1606,4840,497.0
1607,3412,552.0
1608,4582,567.0
1609,19425,755.0
1610,6555,565.0
1611,9739,267.0
1612,18236,586.0
1613,17082,520.0
1614,768,566.0
1615,2331,526.0
1616,19512,1109.0
1617,9613,527.0
1618,17510,707.0
1619,11738,465.0
1620,6503,373.0
1621,10692,2393.0
1622,777,564.0
1623,10600,218.0
1624,9171,500.0
1625,14484,680.0
1626,4169,534.0
1627,11319,268.0
1628,912,759.0
1629,6641,595.0
1630,5737,747.0
1631,10296,539.0
1632,15950,233.0
1633,16582,652.0
1634,8135,213.0
1635,5712,310.0
1636,12982,555.0
1637,5486,2402.0
1638,11784,1928.0
1639,12671,654.0
1640,5159,541.0
1641,9347,458.0
1642,843,1969.0
1643,12480,569.0
1644,5368,336.0
1645,11624,1262.0
1646,73,418.0
1647,12202,228.0
1648,17417,499.0
1649,16194,2148.0
1650,7232,582.0
1651,12882,294.0
1652,10689,320.0
1653,15160,558.0
1654,9823,547.0
1655,568,465.0
1656,16630,485.0
1657,18618,722.0
1658,3933,591.0
1659,9951,501.0
1660,10003,720.0
1661,2515,1954.0
1662,645,523.0
1663,10262,475.0
1664,10599,428.0
1665,13808,318.0
1666,528,507.0
1667,6680,502.0
1668,17991,2392.0
1669,17568,480.0
1670,16145,441.0
1671,16825,516.0
1672,18143,555.0
1673,14966,495.0
1674,19746,1433.0
1675,15344,286.0
1676,3568,562.0
1677,11008,922.0
1678,19528,310.0
1679,4152,449.0
1680,14873,284.0
1681,9450,398.0
1682,15982,1685.0
1683,10966,840.0
1684,9340,568.0
1685,19113,165.0
1686,1019,461.0
1687,15133,2014.0
1688,8689,527.0
1689,5166,494.0
1690,9669,524.0
1691,15994,511.0
1692,17890,731.0
1693,13052,488.0
1694,8148,200.0
1695,679,802.0
1696,20511,852.0
1697,5419,537.0
1698,19783,2197.0
1699,8977,1082.0
1700,5242,281.0
1701,11958,206.0
1702,7015,261.0
1703,9453,237.0
1704,13381,456.0
1705,17541,246.0
1706,1422,2431.0
1707,227,551.0
1708,16880,377.0
1709,1723,293.0
1710,2587,557.0
1711,19509,285.0
1712,3217,133.0
1713,3089,334.0
1714,822,559.0
1715,8458,569.0
1716,17410,295.0
1717,12441,283.0
1718,7407,1743.0
1719,6239,1956.0
1720,17936,118.0
1721,6407,552.0
1722,20675,484.0
1723,13267,539.0
1724,16660,354.0
1725,17257,450.0
1726,14568,409.0
1727,232,414.0
1728,4252,346.0
1729,2947,764.0
1730,3920,438.0
1731,12913,542.0
1732,5291,516.0
1733,7759,955.0
1734,5243,230.0
1735,8772,1060.0
1736,2025,244.0
1737,10767,2615.0
1738,9155,253.0
1739,8186,221.0
1740,4017,485.0
1741,3180,2871.0
1742,3753,1362.0
1743,16063,509.0
1744,17192,624.0
1745,3927,205.0
1746,11201,462.0
1747,1438,581.0
1748,11419,524.0
1749,14572,863.0
1750,12936,2616.0
1751,15303,570.0
1752,18243,450.0
1753,6400,475.0
1754,19602,521.0
1755,6556,2553.0
1756,15447,764.0
1757,19707,404.0
1758,19276,453.0
1759,15342,429.0
1760,15953,610.0
1761,18033,984.0
1762,20025,1425.0
1763,16699,739.0
1764,4039,431.0
1765,18042,511.0
1766,17591,475.0
1767,13636,545.0
1768,18167,587.0
1769,1350,274.0
1770,6976,251.0
1771,13436,480.0
1772,1731,549.0
1773,18469,557.0
1774,3645,1171.0
1775,661,835.0
1776,18358,1850.0
1777,19220,269.0
1778,1784,581.0
1779,19153,2306.0
1780,5452,2852.0
1781,15496,344.0
1782,7325,690.0
1783,5633,2403.0
1784,6896,464.0
1785,11291,304.0
1786,5235,836.0
1787,5085,242.0
1788,12037,238.0
1789,12945,690.0
1790,2790,581.0
1791,13106,466.0
1792,17111,586.0
1793,3351,295.0
1794,15061,496.0
1795,3738,601.0
1796,20877,1850.0
1797,3422,2512.0
1798,18765,491.0
1799,18222,400.0
1800,18615,531.0
1801,11113,204.0
1802,9257,542.0
1803,2893,250.0
1804,602,574.0
1805,17193,1398.0
1806,5656,242.0
1807,18118,476.0
1808,13440,371.0
1809,6289,380.0
1810,13530,1477.0
1811,244,217.0
1812,4000,275.0
1813,19246,388.0
1814,22,399.0
1815,19677,560.0
1816,2477,433.0
1817,15089,246.0
1818,14978,129.0
1819,7595,196.0
1820,6034,504.0
1821,20243,769.0
1822,19527,524.0
1823,249,484.0
1824,5319,531.0
1825,14492,481.0
1826,1613,792.0
1827,6614,765.0
1828,7958,3130.0
1829,18913,550.0
1830,14528,555.0
1831,20086,572.0
1832,5212,450.0
1833,8306,492.0
1834,11363,877.0
1835,17388,791.0
1836,9952,423.0
1837,7747,671.0
1838,19700,212.0
1839,503,391.0
1840,16647,400.0
1841,16467,603.0
1842,20172,476.0
1843,17380,585.0
1844,6023,187.0
1845,16849,374.0
1846,15677,295.0
1847,8426,456.0
1848,7866,528.0
1849,17452,169.0
1850,19929,1043.0
1851,8543,597.0
1852,20307,557.0
1853,12837,751.0
1854,9778,555.0
1855,8313,537.0
1856,4030,537.0
1857,17244,2181.0
1858,12976,334.0
1859,7983,2285.0
1860,1133,1401.0
1861,14899,252.0
1862,16015,738.0
1863,3863,461.0
1864,2466,746.0
1865,6005,228.0
1866,10758,469.0
1867,3934,397.0
1868,1997,566.0
1869,4663,545.0
1870,5980,582.0
1871,16295,521.0
1872,17926,447.0
1873,1831,240.0
1874,6935,908.0
1875,12164,503.0
1876,2671,867.0
1877,20840,305.0
1878,6600,3059.0
1879,10832,569.0
1880,2990,446.0
1881,4984,456.0
1882,11670,1021.0
1883,16218,504.0
1884,11487,1004.0
1885,9306,2885.0
1886,8789,921.0
1887,14353,1486.0
1888,15764,523.0
1889,6053,1228.0
1890,215,894.0
1891,6055,2376.0
1892,19886,375.0
1893,4769,251.0
1894,9067,559.0
1895,18808,486.0
1896,722,438.0
1897,15940,949.0
1898,11707,543.0
1899,12783,480.0
1900,16583,781.0
1901,14586,279.0
1902,19758,557.0
1903,15769,391.0
1904,4600,626.0
1905,9150,497.0
1906,2860,492.0
1907,19197,574.0
1908,11261,434.0
1909,7497,486.0
1910,11688,473.0
1911,208,476.0
1912,18260,671.0
1913,8582,568.0
1914,19882,509.0
1915,12061,434.0
1916,137,353.0
1917,17565,407.0
1918,4147,647.0
1919,3250,200.0
1920,740,606.0
1921,2505,259.0
1922,13389,544.0
1923,2147,571.0
1924,10568,389.0
1925,18671,461.0
1926,17051,521.0
1927,12302,721.0
1928,2960,551.0
1929,11555,473.0
1930,15045,1369.0
1931,1553,353.0
1932,2187,1164.0
1933,16526,1397.0
1934,6774,230.0
1935,6495,401.0
1936,14596,570.0
1937,13466,821.0
1938,112,811.0
1939,16813,1089.0
1940,5680,1814.0
1941,7300,512.0
1942,15846,338.0
1943,17125,450.0
1944,20639,236.0
1945,13407,98.0
1946,6236,491.0
1947,7615,494.0
1948,3407,482.0
1949,10170,1431.0
1950,20297,425.0
1951,20164,202.0
1952,19733,240.0
1953,6443,380.0
1954,15740,558.0
1955,5416,791.0
1956,10084,834.0
1957,15260,625.0
1958,9653,412.0
1959,12406,480.0
1960,9113,484.0
1961,3942,927.0
1962,8097,186.0
1963,14919,463.0
1964,4570,522.0
1965,10518,421.0
1966,1940,1499.0
1967,3921,438.0
1968,6690,538.0
1969,2948,641.0
1970,20378,751.0
1971,6764,419.0
1972,4109,1379.0
1973,9014,527.0
1974,956,274.0
1975,3507,507.0
1976,15873,390.0
1977,13744,514.0
1978,14872,515.0
1979,10444,1852.0
1980,14794,526.0
1981,6051,267.0
1982,5214,3337.0
1983,20782,472.0
1984,4937,471.0
1985,8345,185.0
1986,17754,526.0
1987,14517,540.0
1988,4722,504.0
1989,9116,148.0
1990,11825,461.0
1991,19403,542.0
1992,18726,817.0
1993,3307,2161.0
1994,7428,351.0
1995,6220,293.0
1996,13044,499.0
1997,3264,371.0
1998,13182,493.0
1999,5253,200.0
2000,20819,736.0
2001,19661,235.0
2002,15641,525.0
2003,17916,431.0
2004,19802,482.0
2005,15345,470.0
2006,12267,508.0
2007,6586,421.0
2008,3509,988.0
2009,13178,268.0
2010,8581,227.0
2011,10338,1236.0
2012,19157,659.0
2013,17342,259.0
2014,13117,263.0
2015,746,593.0
2016,46,377.0
2017,9516,738.0
2018,2240,591.0
2019,13131,409.0
2020,20331,476.0
2021,18432,438.0
2022,15331,1954.0
2023,16671,600.0
2024,4424,455.0
2025,5610,2583.0
2026,3092,597.0
2027,12929,334.0
2028,4164,401.0
2029,5137,301.0
2030,3348,484.0
2031,8792,490.0
2032,683,588.0
2033,10814,340.0
2034,216,326.0
2035,17116,265.0
2036,1204,476.0
2037,10126,-149.0
2038,17232,527.0
2039,5815,527.0
2040,6019,2109.0
2041,99,411.0
2042,1294,268.0
2043,15111,555.0
2044,5250,461.0
2045,19241,206.0
2046,13248,536.0
2047,9327,649.0
2048,3111,374.0
2049,1796,2161.0
2050,17099,376.0
2051,12930,308.0
2052,2248,284.0
2053,2353,536.0
2054,1887,469.0
2055,8237,799.0
2056,20642,450.0
2057,4161,486.0
2058,2498,1837.0
2059,5484,2629.0
2060,19853,371.0
2061,4041,3094.0
2062,17344,486.0
2063,19231,802.0
2064,19467,355.0
2065,5516,485.0
2066,13289,544.0
2067,9141,331.0
2068,2611,295.0
2069,2183,619.0
2070,6160,472.0
2071,11275,538.0
2072,8391,442.0
2073,9674,317.0
2074,6312,717.0
2075,20498,324.0
2076,12052,972.0
2077,1514,423.0
2078,19613,541.0
2079,5771,281.0
2080,10651,505.0
2081,7017,370.0
2082,19718,527.0
2083,13168,2811.0
2084,4171,586.0
2085,19939,257.0
2086,12835,473.0
2087,4816,2046.0
2088,19388,1650.0
2089,13006,477.0
2090,18489,983.0
2091,18136,1091.0
2092,7486,258.0
2093,1546,460.0
2094,13702,326.0
2095,498,481.0
2096,3302,562.0
2097,14581,820.0
2098,14763,505.0
2099,19076,1650.0
2100,17107,531.0
2101,8898,520.0
2102,10033,813.0
2103,11615,1233.0
2104,15488,234.0
2105,11359,630.0
2106,1618,370.0
2107,5646,567.0
2108,3228,440.0
2109,16996,632.0
2110,2578,313.0
2111,12777,369.0
2112,1746,520.0
2113,7550,380.0
2114,16545,475.0
2115,12420,271.0
2116,10053,262.0
2117,17427,520.0
2118,8462,251.0
2119,1534,474.0
2120,3354,317.0
2121,9972,343.0
2122,1247,495.0
2123,18453,530.0
2124,8319,543.0
2125,8901,553.0
2126,14614,408.0
2127,13927,455.0
2128,14920,1569.0
2129,4480,1038.0
2130,2743,489.0
2131,9111,342.0
2132,8900,498.0
2133,6445,443.0
2134,9717,986.0
2135,7955,317.0
2136,5456,808.0
2137,6731,306.0
2138,20450,301.0
2139,875,256.0
2140,5055,1794.0
2141,8393,502.0
2142,8508,2554.0
2143,13925,420.0
2144,19826,327.0
2145,11840,584.0
2146,18609,251.0
2147,16738,354.0
2148,1079,983.0
2149,12476,1240.0
2150,10710,589.0
2151,11730,478.0
2152,12604,780.0
2153,11109,415.0
2154,9477,613.0
2155,5608,236.0
2156,16912,379.0
2157,11945,478.0
2158,15566,660.0
2159,7532,2795.0
2160,6831,592.0
2161,18149,250.0
2162,84,166.0
2163,17145,461.0
2164,8513,437.0
2165,1067,544.0
2166,17302,454.0
2167,15420,371.0
2168,7785,4102.0
2169,1814,275.0
2170,14712,118.0
2171,6707,351.0
2172,20250,432.0
2173,11303,557.0
2174,19223,255.0
2175,10413,643.0
2176,10753,538.0
2177,8622,267.0
2178,4182,555.0
2179,6550,523.0
2180,13386,473.0
2181,20942,251.0
2182,810,476.0
2183,12146,553.0
2184,17679,435.0
2185,8590,411.0
2186,7716,206.0
2187,20336,255.0
2188,12456,795.0
2189,11757,481.0
2190,6076,506.0
2191,4990,388.0
2192,2503,386.0
2193,7700,1235.0
2194,15369,1442.0
2195,12707,1941.0
2196,11071,524.0
2197,8431,246.0
2198,20858,1942.0
2199,4351,241.0
2200,11701,848.0
2201,10454,323.0
2202,17535,467.0
2203,13490,2003.0
2204,488,1131.0
2205,8610,477.0
2206,12201,508.0
2207,8537,596.0
2208,5640,703.0
2209,17262,542.0
2210,16326,408.0
2211,17199,141.0
2212,3671,909.0
2213,11987,543.0
2214,10613,536.0
2215,2949,241.0
2216,1512,544.0
2217,15896,916.0
2218,5384,447.0
2219,2067,243.0
2220,9785,482.0
2221,19057,542.0
2222,13412,495.0
2223,4585,486.0
2224,9872,252.0
2225,2273,470.0
2226,20099,798.0
2227,13224,252.0
2228,5935,942.0
2229,2033,586.0
2230,913,829.0
2231,15388,557.0
2232,14322,315.0
2233,14769,1839.0
2234,75,482.0
2235,4494,476.0
2236,9611,528.0
2237,19449,587.0
2238,3048,535.0
2239,10970,178.0
2240,19879,514.0
2241,11813,494.0
2242,9829,569.0
2243,9282,266.0
2244,15090,781.0
2245,16509,269.0
2246,18979,2263.0
2247,19553,1814.0
2248,1061,659.0
2249,10367,97.0
2250,8758,2303.0
2251,522,449.0
2252,2686,329.0
2253,6760,574.0
2254,2195,479.0
2255,14396,639.0
2256,7406,867.0
2257,2666,579.0
2258,14159,461.0
2259,12529,248.0
2260,2010,528.0
2261,3793,1249.0
2262,16270,710.0
2263,10620,954.0
2264,9848,414.0
2265,20150,402.0
2266,12907,1311.0
2267,17794,462.0
2268,4331,2772.0
2269,9210,761.0
2270,19135,465.0
2271,17319,546.0
2272,2682,535.0
2273,10141,736.0
2274,19281,265.0
2275,1836,-152.0
2276,15536,488.0
2277,6777,434.0
2278,19150,525.0
2279,9563,328.0
2280,1809,469.0
2281,12261,465.0
2282,9213,272.0
2283,3009,332.0
2284,2867,1047.0
2285,50,1828.0
2286,2728,213.0
2287,3452,369.0
2288,1777,309.0
2289,12754,378.0
2290,4181,586.0
2291,18206,571.0
2292,17227,571.0
2293,7204,1097.0
2294,8001,245.0
2295,678,2197.0
2296,5677,282.0
2297,1200,289.0
2298,7956,568.0
2299,8538,418.0
2300,10087,889.0
2301,8004,502.0
2302,7445,491.0
2303,2288,414.0
2304,14516,448.0
2305,12755,723.0
2306,11082,554.0
2307,2481,267.0
2308,14510,489.0
2309,20240,491.0
2310,19868,382.0
2311,13424,505.0
2312,20764,472.0
2313,11415,909.0
2314,4982,522.0
2315,5593,382.0
2316,20783,336.0
2317,19232,466.0
2318,6721,768.0
2319,19503,798.0
2320,9001,230.0
2321,9217,206.0
2322,3760,412.0
2323,8945,442.0
2324,7086,431.0
2325,8954,511.0
2326,4785,494.0
2327,1517,445.0
2328,3100,777.0
2329,13473,489.0
2330,5826,1309.0
2331,11368,530.0
2332,1971,500.0
2333,1884,751.0
2334,14673,194.0
2335,1119,566.0
2336,17721,541.0
2337,6210,637.0
2338,6847,448.0
2339,11123,458.0
2340,6409,501.0
2341,9054,451.0
2342,16101,239.0
2343,14288,357.0
2344,11741,686.0
2345,4100,734.0
2346,19013,247.0
2347,1878,676.0
2348,3496,314.0
2349,5801,627.0
2350,4279,539.0
2351,18680,1253.0
2352,14742,321.0
2353,6276,494.0
2354,13345,359.0
2355,12264,1021.0
2356,9266,583.0
2357,13897,522.0
2358,15487,288.0
2359,16831,696.0
2360,978,525.0
2361,11976,661.0
2362,19176,461.0
2363,17220,660.0
2364,4481,219.0
2365,4317,592.0
2366,9881,552.0
2367,12668,555.0
2368,13498,469.0
2369,2236,506.0
2370,18155,580.0
2371,18792,587.0
2372,16960,556.0
2373,8967,295.0
2374,14611,737.0
2375,11254,293.0
2376,11500,594.0
2377,14376,897.0
2378,10116,1420.0
2379,5639,866.0
2380,15454,403.0
2381,17967,641.0
2382,11244,525.0
2383,19541,299.0
2384,6442,717.0
2385,20295,527.0
2386,3350,717.0
2387,3799,419.0
2388,18074,2181.0
2389,6466,477.0
2390,16324,1839.0
2391,16054,346.0
2392,7601,217.0
2393,10152,4661.0
2394,12063,216.0
2395,12243,510.0
2396,15080,495.0
2397,18479,541.0
2398,2520,763.0
2399,15585,608.0
2400,1642,275.0
2401,20374,479.0
2402,10580,1983.0
2403,811,1850.0
2404,13638,553.0
2405,16410,445.0
2406,14341,475.0
2407,3193,475.0
2408,6506,1378.0
2409,8029,659.0
2410,8955,490.0
2411,20504,886.0
2412,17084,2095.0
2413,16649,2183.0
2414,15772,505.0
2415,11702,533.0
2416,2729,928.0
2417,17946,436.0
2418,12078,269.0
2419,4950,280.0
2420,11644,247.0
2421,7313,409.0
2422,10026,1080.0
2423,17160,191.0
2424,15214,320.0
2425,13341,484.0
2426,9557,720.0
2427,6908,342.0
2428,8691,457.0
2429,3684,547.0
2430,9981,495.0
2431,7655,568.0
2432,7980,133.0
2433,8626,231.0
2434,10450,1567.0
2435,15576,3285.0
2436,18989,557.0
2437,9697,750.0
2438,3327,556.0
2439,15231,99.0
2440,4798,857.0
2441,8450,537.0
2442,15687,374.0
2443,2100,696.0
2444,5239,792.0
2445,3398,552.0
2446,10134,269.0
2447,14263,343.0
2448,12829,468.0
2449,2381,2371.0
2450,17093,496.0
2451,10987,529.0
2452,15892,271.0
2453,4834,993.0
2454,1928,504.0
2455,18141,556.0
2456,15093,551.0
2457,8643,567.0
2458,12453,574.0
2459,13330,547.0
2460,4048,1921.0
2461,16720,571.0
2462,18341,1900.0
2463,9363,492.0
2464,7459,399.0
2465,865,389.0
2466,4921,250.0
2467,18803,756.0
2468,8283,375.0
2469,11393,491.0
2470,15723,486.0
2471,7018,472.0
2472,20411,513.0
2473,18490,539.0
2474,17003,220.0
2475,13698,560.0
2476,15255,510.0
2477,2907,369.0
2478,11778,509.0
2479,1577,292.0
2480,13074,1138.0
2481,14883,488.0
2482,6222,311.0
2483,13128,518.0
2484,2434,293.0
2485,85,451.0
2486,12193,190.0
2487,12417,464.0
2488,8304,573.0
2489,18877,370.0
2490,1579,363.0
2491,1623,1727.0
2492,7500,456.0
2493,12335,987.0
2494,867,292.0
2495,16759,993.0
2496,10453,308.0
2497,14969,495.0
2498,55,305.0
2499,8305,686.0
2500,12594,2844.0
2501,17429,459.0
2502,7282,478.0
2503,4,439.0
2504,9318,3698.0
2505,1970,354.0
2506,12770,773.0
2507,20697,512.0
2508,19811,628.0
2509,10115,1936.0
2510,8230,214.0
2511,2064,426.0
2512,4234,2342.0
2513,10903,499.0
2514,13255,2165.0
2515,1696,455.0
2516,18443,542.0
2517,15636,256.0
2518,15436,919.0
2519,2806,2628.0
2520,1544,1183.0
2521,1071,229.0
2522,17066,471.0
2523,5760,506.0
2524,12957,448.0
2525,18103,588.0
2526,2573,596.0
2527,276,408.0
2528,8718,384.0
2529,1235,565.0
2530,1206,299.0
2531,8855,523.0
2532,5446,339.0
2533,6937,527.0
2534,5849,2613.0
2535,9060,501.0
2536,14591,595.0
2537,4417,487.0
2538,4135,214.0
2539,2959,1940.0
2540,17783,1354.0
2541,18242,561.0
2542,8595,218.0
2543,19797,1931.0
2544,32,1381.0
2545,15869,496.0
2546,15471,545.0
2547,11353,508.0
2548,15720,1882.0
2549,7172,457.0
2550,1212,506.0
2551,18317,3058.0
2552,6481,118.0
2553,6437,334.0
2554,16909,453.0
2555,5921,852.0
2556,17198,563.0
2557,7960,522.0
2558,4370,355.0
2559,6147,456.0
2560,5978,449.0
2561,6403,279.0
2562,16766,490.0
2563,3511,896.0
2564,11222,840.0
2565,18514,478.0
2566,18655,309.0
2567,6257,3305.0
2568,19983,571.0
2569,12207,462.0
2570,8564,471.0
2571,5713,1966.0
2572,17293,537.0
2573,9736,780.0
2574,16401,183.0
2575,17974,302.0
2576,19274,290.0
2577,3742,475.0
2578,14265,1161.0
2579,10895,543.0
2580,11161,484.0
2581,10570,552.0
2582,2165,495.0
2583,11418,294.0
2584,11485,524.0
2585,15525,269.0
2586,4142,526.0
2587,872,4122.0
2588,15963,289.0
2589,9078,379.0
2590,13715,314.0
2591,17962,336.0
2592,12210,518.0
2593,3906,726.0
2594,12171,429.0
2595,10385,455.0
2596,7473,356.0
2597,11325,314.0
2598,1236,3259.0
2599,4288,486.0
2600,3299,551.0
2601,20741,627.0
2602,1366,539.0
2603,13979,521.0
2604,16959,507.0
2605,407,614.0
2606,16667,1921.0
2607,3405,907.0
2608,942,185.0
2609,19330,378.0
2610,6765,793.0
2611,4627,234.0
2612,11516,794.0
2613,10245,356.0
2614,18883,527.0
2615,7693,400.0
2616,12274,1245.0
2617,16426,2496.0
2618,2392,1030.0
2619,8332,493.0
2620,3648,502.0
2621,7614,342.0
2622,15310,330.0
2623,7731,388.0
2624,12255,679.0
2625,11553,519.0
2626,9426,596.0
2627,3364,175.0
2628,16341,1476.0
2629,11994,749.0
2630,1211,549.0
2631,19586,556.0
2632,5230,552.0
2633,16932,501.0
2634,3426,747.0
2635,19068,545.0
2636,20309,506.0
2637,15921,335.0
2638,5934,1445.0
2639,16931,455.0
2640,7197,592.0
2641,10081,488.0
2642,15625,1433.0
2643,17799,3259.0
2644,4064,207.0
2645,3495,223.0
2646,3984,463.0
2647,4530,1314.0
2648,6531,542.0
2649,7736,648.0
2650,14959,274.0
2651,10151,492.0
2652,11423,344.0
2653,14204,354.0
2654,18574,2827.0
2655,10055,573.0
2656,7169,522.0
2657,3456,323.0
2658,132,1026.0
2659,14661,237.0
2660,10474,269.0
2661,18873,866.0
2662,12287,538.0
2663,16342,333.0
2664,3913,460.0
2665,6377,442.0
2666,14857,603.0
2667,16593,1328.0
2668,18772,310.0
2669,19268,362.0
2670,2118,234.0
2671,16470,2181.0
2672,4832,297.0
2673,20174,372.0
2674,13963,531.0
2675,10275,370.0
2676,12653,386.0
2677,10132,187.0
2678,14223,1562.0
2679,13163,601.0
2680,3425,246.0
2681,12748,503.0
2682,10646,274.0
2683,78,389.0
2684,6319,561.0
2685,10683,679.0
2686,2387,2011.0
2687,16068,1942.0
2688,14828,419.0
2689,3556,456.0
2690,19764,1253.0
2691,6238,1045.0
2692,7006,317.0
2693,9019,396.0
2694,2080,511.0
2695,2027,383.0
2696,2558,245.0
2697,16894,433.0
2698,15277,489.0
2699,734,502.0
2700,18062,556.0
2701,2647,490.0
2702,3486,432.0
2703,13238,578.0
2704,14561,547.0
2705,11238,441.0
2706,12284,418.0
2707,10173,357.0
2708,2589,521.0
2709,603,2501.0
2710,16141,324.0
2711,15251,1003.0
2712,13038,459.0
2713,4701,592.0
2714,10409,539.0
2715,17522,797.0
2716,18511,473.0
2717,6701,445.0
2718,7976,1147.0
2719,1532,1805.0
2720,11679,318.0
2721,8906,854.0
2722,5115,444.0
2723,6714,852.0
2724,926,675.0
2725,12892,373.0
2726,9882,241.0
2727,2680,611.0
2728,17369,1192.0
2729,14987,556.0
2730,17378,554.0
2731,6065,623.0
2732,8420,456.0
2733,9837,768.0
2734,1987,545.0
2735,8921,518.0
2736,17873,537.0
2737,6064,553.0
2738,9960,503.0
2739,5678,508.0
2740,20775,1896.0
2741,11212,478.0
2742,16787,268.0
2743,16752,541.0
2744,12779,472.0
2745,3735,501.0
2746,16479,499.0
2747,197,449.0
2748,179,394.0
2749,5402,387.0
2750,15264,534.0
2751,9859,148.0
2752,7627,457.0
2753,15141,530.0
2754,14720,295.0
2755,13239,473.0
2756,10838,433.0
2757,7100,463.0
2758,4342,701.0
2759,12290,2660.0
2760,16336,365.0
2761,13379,368.0
2762,7392,1320.0
2763,3049,305.0
2764,1896,514.0
2765,12495,650.0
2766,2314,656.0
2767,4877,527.0
2768,15669,586.0
2769,5571,431.0
2770,5206,341.0
2771,10046,569.0
2772,18599,314.0
2773,16873,309.0
2774,6661,454.0
2775,13047,434.0
2776,17964,478.0
2777,3173,550.0
2778,1327,551.0
2779,20088,435.0
2780,2969,536.0
2781,4493,1919.0
2782,6825,487.0
2783,11233,554.0
2784,6793,557.0
2785,9083,553.0
2786,468,410.0
2787,5121,410.0
2788,1726,425.0
2789,12595,2019.0
2790,17935,571.0
2791,5430,264.0
2792,7683,215.0
2793,5730,527.0
2794,20888,481.0
2795,20352,663.0
2796,8397,1746.0
2797,19256,208.0
2798,9440,1323.0
2799,6964,2177.0
2800,17426,420.0
2801,12674,650.0
2802,8958,291.0
2803,8151,538.0
2804,633,2726.0
2805,11357,412.0
2806,2511,555.0
2807,18658,1069.0
2808,4046,911.0
2809,11414,268.0
2810,8187,471.0
2811,15236,570.0
2812,18220,892.0
2813,18804,2348.0
2814,2824,1605.0
2815,13689,231.0
2816,12810,327.0
2817,15197,1508.0
2818,11379,462.0
2819,5983,512.0
2820,7630,201.0
2821,7585,597.0
2822,3855,221.0
2823,20132,736.0
2824,6633,387.0
2825,3836,457.0
2826,11748,539.0
2827,18097,485.0
2828,2023,956.0
2829,10510,2374.0
2830,7981,457.0
2831,5569,552.0
2832,3273,503.0
2833,14693,534.0
2834,3178,526.0
2835,8278,623.0
2836,94,566.0
2837,13811,474.0
2838,8926,562.0
2839,20212,383.0
2840,16955,386.0
2841,9938,447.0
2842,9902,709.0
2843,5362,1249.0
2844,2822,485.0
2845,5296,471.0
2846,2478,460.0
2847,7367,479.0
2848,20886,2137.0
2849,9046,556.0
2850,3897,240.0
2851,18967,249.0
2852,2202,926.0
2853,16811,3098.0
2854,11474,243.0
2855,18478,996.0
2856,13981,740.0
2857,1358,770.0
2858,15007,644.0
2859,7437,241.0
2860,13374,474.0
2861,4977,381.0
2862,17599,1625.0
2863,8344,468.0
2864,13789,1095.0
2865,10164,448.0
2866,16791,556.0
2867,5785,478.0
2868,5622,274.0
2869,7504,157.0
2870,14011,1174.0
2871,15408,615.0
2872,13284,514.0
2873,11204,484.0
2874,19418,570.0
2875,1410,581.0
2876,10401,467.0
2877,10750,539.0
2878,13001,342.0
2879,2518,284.0
2880,10816,282.0
2881,13650,1927.0
2882,5461,365.0
2883,8399,487.0
2884,20229,677.0
2885,15228,464.0
2886,2655,335.0
2887,20425,706.0
2888,8698,325.0
2889,3211,1409.0
2890,2231,522.0
2891,15639,838.0
2892,2612,536.0
2893,3421,534.0
2894,16934,403.0
2895,4454,552.0
2896,1392,394.0
2897,2988,840.0
2898,10008,217.0
2899,4974,596.0
2900,15379,323.0
2901,10107,3607.0
2902,13745,337.0
2903,8070,1927.0
2904,2780,260.0
2905,5568,526.0
2906,3778,706.0
2907,3817,540.0
2908,12471,253.0
2909,6865,963.0
2910,1558,536.0
2911,4375,506.0
2912,20707,724.0
2913,15492,268.0
2914,12189,1324.0
2915,4473,2176.0
2916,5969,366.0
2917,6898,551.0
2918,12364,569.0
2919,5615,567.0
2920,4623,522.0
2921,6756,454.0
2922,4418,542.0
2923,2184,2037.0
2924,9208,554.0
2925,7010,598.0
2926,15477,489.0
2927,10734,798.0
2928,16493,271.0
2929,7454,558.0
2930,7816,3065.0
2931,17458,545.0
2932,5627,371.0
2933,2030,421.0
2934,1656,1924.0
2935,10885,244.0
2936,1160,483.0
2937,19741,525.0
2938,1490,751.0
2939,1768,325.0
2940,10344,472.0
2941,14354,704.0
2942,20517,418.0
2943,2793,215.0
2944,12033,583.0
2945,1286,234.0
2946,15861,600.0
2947,17734,541.0
2948,10282,237.0
2949,14369,720.0
2950,3834,582.0
2951,11493,549.0
2952,14365,541.0
2953,1281,555.0
2954,6786,551.0
2955,387,-191.0
2956,18573,364.0
2957,8042,553.0
2958,7039,4253.0
2959,1215,493.0
2960,5479,1138.0
2961,12270,458.0
2962,17305,517.0
2963,12225,905.0
2964,19456,2678.0
2965,9551,226.0
2966,18013,208.0
2967,1004,196.0
2968,1081,369.0
2969,5889,260.0
2970,18811,562.0
2971,17996,3610.0
2972,17856,436.0
2973,3261,751.0
2974,5345,741.0
2975,4043,506.0
2976,10353,1323.0
2977,18273,1703.0
2978,12522,247.0
2979,10480,339.0
2980,3078,385.0
2981,16536,601.0
2982,17684,539.0
2983,17558,470.0
2984,15254,560.0
2985,20208,340.0
2986,2941,313.0
2987,17047,1238.0
2988,6249,379.0
2989,16707,402.0
2990,7358,332.0
2991,5909,1159.0
2992,5612,220.0
2993,7957,553.0
2994,6328,987.0
2995,3192,430.0
2996,9261,414.0
2997,8530,262.0
2998,14102,364.0
2999,7016,1183.0
3000,11253,218.0
3001,13807,375.0
3002,580,601.0
3003,14548,420.0
3004,325,391.0
3005,17871,203.0
3006,20657,306.0
3007,3293,455.0
3008,11245,679.0
3009,18663,351.0
3010,4944,807.0
3011,3895,431.0
3012,20633,612.0
3013,471,498.0
3014,5549,533.0
3015,8271,477.0
3016,19895,313.0
3017,7669,568.0
3018,14785,482.0
3019,8861,1471.0
3020,19445,218.0
3021,13862,823.0
3022,19629,532.0
3023,9226,547.0
3024,10481,292.0
3025,8141,517.0
3026,19252,587.0
3027,2499,470.0
3028,11881,468.0
3029,8155,547.0
3030,1522,249.0
3031,15261,464.0
3032,17886,316.0
3033,10935,921.0
3034,15230,384.0
3035,16164,651.0
3036,18099,404.0
3037,16619,300.0
3038,19694,872.0
3039,5290,551.0
3040,14700,1941.0
3041,10698,531.0
3042,17908,527.0
3043,15908,343.0
3044,10193,543.0
3045,9911,1536.0
3046,1208,785.0
3047,16818,2382.0
3048,9707,433.0
3049,20930,1275.0
3050,1767,641.0
3051,52,926.0
3052,3562,146.0
3053,14695,475.0
3054,7666,442.0
3055,12635,540.0
3056,3341,214.0
3057,10844,418.0
3058,17089,2968.0
3059,10775,265.0
3060,19427,2696.0
3061,18585,2433.0
3062,13400,293.0
3063,16860,299.0
3064,17469,590.0
3065,11262,350.0
3066,14236,570.0
3067,3276,294.0
3068,16588,280.0
3069,20221,572.0
3070,20552,502.0
3071,4294,490.0
3072,6471,518.0
3073,9185,252.0
3074,4803,1940.0
3075,4233,541.0
3076,4003,486.0
3077,16498,460.0
3078,16650,385.0
3079,16202,681.0
3080,10261,357.0
3081,16366,255.0
3082,13084,548.0
3083,13568,223.0
3084,11969,3774.0
3085,18582,475.0
3086,14275,249.0
3087,10617,875.0
3088,20529,305.0
3089,20304,2272.0
3090,14941,686.0
3091,6613,582.0
3092,8221,498.0
3093,13344,333.0
3094,11503,592.0
3095,14310,371.0
3096,12874,216.0
3097,1185,337.0
3098,2749,1512.0
3099,2652,306.0
3100,13717,523.0
3101,12891,450.0
3102,14391,540.0
3103,10269,537.0
3104,20541,977.0
3105,13258,243.0
3106,19112,415.0
3107,6713,2829.0
3108,20051,431.0
3109,10452,747.0
3110,3837,506.0
3111,2606,506.0
3112,1085,430.0
3113,10426,367.0
3114,20314,868.0
3115,1680,2857.0
3116,9178,343.0
3117,18974,122.0
3118,8787,307.0
3119,10360,529.0
3120,10372,723.0
3121,11338,1728.0
3122,16252,687.0
3123,17180,232.0
3124,627,459.0
3125,1766,580.0
3126,10584,1336.0
3127,14402,553.0
3128,2440,566.0
3129,5925,378.0
3130,3680,215.0
3131,1614,581.0
3132,20469,449.0
3133,10567,604.0
3134,4403,702.0
3135,16350,224.0
3136,2035,525.0
3137,11290,3263.0
3138,4192,455.0
3139,5738,2074.0
3140,4167,220.0
3141,9771,2404.0
3142,11347,428.0
3143,17389,782.0
3144,14192,444.0
3145,2122,551.0
3146,11612,7355.0
3147,17598,961.0
3148,19912,1104.0
3149,11531,552.0
3150,14112,880.0
3151,19778,562.0
3152,15423,499.0
3153,18523,495.0
3154,4139,550.0
3155,9280,202.0
3156,10300,328.0
3157,19054,3711.0
3158,3294,911.0
3159,10690,533.0
3160,2024,896.0
3161,1082,445.0
3162,14278,428.0
3163,11859,292.0
3164,9480,2043.0
3165,13446,697.0
3166,5093,342.0
3167,20452,481.0
3168,19310,572.0
3169,993,446.0
3170,7852,422.0
3171,12814,149.0
3172,6358,552.0
3173,6643,565.0
3174,2460,340.0
3175,7210,542.0
3176,19072,1629.0
3177,12926,265.0
3178,15587,267.0
3179,20619,332.0
3180,18377,284.0
3181,11028,1153.0
3182,13901,1073.0
3183,17503,787.0
3184,16262,520.0
3185,3854,519.0
3186,13863,525.0
3187,3263,430.0
3188,1870,841.0
3189,15703,1443.0
3190,16681,408.0
3191,13263,613.0
3192,12064,488.0
3193,499,416.0
3194,10111,426.0
3195,14292,248.0
3196,15893,219.0
3197,14741,1895.0
3198,3419,353.0
3199,15084,1906.0
3200,17511,1659.0
3201,11451,357.0
3202,18789,446.0
3203,14972,175.0
3204,8047,487.0
3205,9909,943.0
3206,9064,296.0
3207,12083,405.0
3208,8870,892.0
3209,16469,255.0
3210,18730,557.0
3211,8280,400.0
3212,128,665.0
3213,3636,722.0
3214,6832,1579.0
3215,390,346.0
3216,15366,460.0
3217,16383,300.0
3218,6815,96.0
3219,6850,350.0
3220,20162,210.0
3221,15030,441.0
3222,13318,477.0
3223,13950,570.0
3224,14709,1404.0
3225,14749,534.0
3226,16987,405.0
3227,10382,535.0
3228,11552,725.0
3229,16936,256.0
3230,10839,244.0
3231,5483,613.0
3232,1115,204.0
3233,9107,388.0
3234,14732,590.0
3235,5667,127.0
3236,3409,500.0
3237,7576,295.0
3238,14938,871.0
3239,19243,166.0
3240,8521,276.0
3241,19790,1325.0
3242,16392,405.0
3243,13441,516.0
3244,5018,354.0
3245,20878,506.0
3246,15848,365.0
3247,12896,508.0
3248,19607,541.0
3249,18303,1849.0
3250,9156,603.0
3251,19019,572.0
3252,7906,542.0
3253,14988,465.0
3254,15866,556.0
3255,1597,247.0
3256,12299,287.0
3257,5179,776.0
3258,5186,552.0
3259,996,605.0
3260,393,410.0
3261,9539,262.0
3262,8869,351.0
3263,12830,593.0
3264,17781,203.0
3265,19020,138.0
3266,4703,315.0
3267,12619,386.0
3268,11527,345.0
3269,20303,564.0
3270,10327,504.0
3271,17498,696.0
3272,4023,383.0
3273,18820,541.0
3274,9725,538.0
3275,4146,415.0
3276,17213,737.0
3277,15438,559.0
3278,16812,603.0
3279,10878,2164.0
3280,14219,900.0
3281,2304,448.0
3282,12684,1507.0
3283,12613,188.0
3284,17329,464.0
3285,4612,460.0
3286,9015,684.0
3287,4208,326.0
3288,2415,314.0
3289,7130,348.0
3290,20382,1239.0
3291,8251,824.0
3292,19043,436.0
3293,5298,320.0
3294,17076,616.0
3295,414,271.0
3296,6627,553.0
3297,18398,723.0
3298,14703,-90.0
3299,7549,1039.0
3300,10350,493.0
3301,20009,453.0
3302,4622,597.0
3303,19271,1239.0
3304,19567,2046.0
3305,4251,316.0
3306,2610,551.0
3307,8274,1605.0
3308,20937,463.0
3309,2782,1949.0
3310,17126,793.0
3311,3062,235.0
3312,17028,528.0
3313,14976,555.0
3314,15005,1848.0
3315,20940,1986.0
3316,19320,250.0
3317,2869,5110.0
3318,9264,586.0
3319,12065,488.0
3320,20042,251.0
3321,3291,455.0
3322,6965,246.0
3323,2446,1046.0
3324,20000,1849.0
3325,9770,428.0
3326,12662,574.0
3327,13188,347.0
3328,10637,544.0
3329,10009,528.0
3330,9892,252.0
3331,98,318.0
3332,5886,316.0
3333,18623,682.0
3334,20729,224.0
3335,9961,491.0
3336,3246,215.0
3337,368,270.0
3338,20011,2167.0
3339,20777,1899.0
3340,7678,2303.0
3341,14412,930.0
3342,19820,1187.0
3343,3427,500.0
3344,16596,601.0
3345,1457,761.0
3346,20128,541.0
3347,17546,421.0
3348,14532,529.0
3349,12440,216.0
3350,8386,381.0
3351,20214,381.0
3352,3567,1152.0
3353,356,541.0
3354,8519,784.0
3355,15327,768.0
3356,7787,2011.0
3357,8364,1160.0
3358,18217,208.0
3359,13442,297.0
3360,4850,552.0
3361,9690,549.0
3362,9403,387.0
3363,9248,1158.0
3364,15374,309.0
3365,1606,241.0
3366,5024,416.0
3367,1793,470.0
3368,1585,514.0
3369,15685,624.0
3370,15414,359.0
3371,3553,388.0
3372,3720,289.0
3373,15880,288.0
3374,8771,217.0
3375,15998,460.0
3376,3279,263.0
3377,1304,428.0
3378,11436,374.0
3379,16916,398.0
3380,17282,484.0
3381,13667,2561.0
3382,16296,194.0
3383,14895,459.0
3384,20478,883.0
3385,11318,503.0
3386,10464,553.0
3387,6858,374.0
3388,17850,749.0
3389,18740,599.0
3390,8165,208.0
3391,10232,369.0
3392,10169,626.0
3393,15867,1839.0
3394,3219,672.0
3395,3074,593.0
3396,16603,264.0
3397,15987,1411.0
3398,16329,458.0
3399,4267,2162.0
3400,17418,535.0
3401,12582,570.0
3402,19839,-2.0
3403,20563,1449.0
3404,2695,552.0
3405,11659,2703.0
3406,20328,587.0
3407,18701,274.0
3408,19064,657.0
3409,1028,781.0
3410,11871,466.0
3411,19082,825.0
3412,8347,345.0
3413,8056,236.0
3414,11187,546.0
3415,2501,625.0
3416,12692,510.0
3417,18256,476.0
3418,4186,240.0
3419,2464,754.0
3420,8963,2808.0
3421,5071,260.0
3422,7235,134.0
3423,14834,322.0
3424,4907,161.0
3425,5841,656.0
3426,18316,244.0
3427,15385,336.0
3428,15318,481.0
3429,8404,298.0
3430,1646,340.0
3431,6619,153.0
3432,11463,570.0
3433,2887,973.0
3434,17281,2843.0
3435,11320,2560.0
3436,3079,1233.0
3437,11521,303.0
3438,16542,1960.0
3439,2984,799.0
3440,19655,3004.0
3441,8082,366.0
3442,2911,95.0
3443,709,190.0
3444,7521,250.0
3445,18957,991.0
3446,11200,1838.0
3447,5515,989.0
3448,2839,922.0
3449,3594,406.0
3450,1311,570.0
3451,6132,225.0
3452,11090,1200.0
3453,230,292.0
3454,8355,2376.0
3455,16072,121.0
3456,2038,597.0
3457,17236,391.0
3458,4416,1355.0
3459,20611,750.0
3460,730,402.0
3461,19421,255.0
3462,3652,766.0
3463,20348,491.0
3464,10039,1951.0
3465,9395,351.0
3466,11584,433.0
3467,7616,749.0
3468,9704,1361.0
3469,18568,586.0
3470,19549,388.0
3471,19229,487.0
3472,3428,459.0
3473,20449,393.0
3474,16137,545.0
3475,4690,759.0
3476,13899,1258.0
3477,8369,312.0
3478,17260,510.0
3479,20539,295.0
3480,1201,1946.0
3481,15654,1659.0
3482,10609,554.0
3483,8339,657.0
3484,3515,5507.0
3485,110,346.0
3486,20925,482.0
3487,9926,252.0
3488,10351,464.0
3489,20255,349.0
3490,11908,682.0
3491,15038,1086.0
3492,8868,1884.0
3493,8268,3336.0
3494,13061,767.0
3495,4835,1459.0
3496,3928,1469.0
3497,8522,581.0
3498,14403,398.0
3499,3143,500.0
3500,14743,190.0
3501,1923,378.0
3502,7285,582.0
3503,9806,296.0
3504,6237,406.0
3505,16539,1654.0
3506,10574,3411.0
3507,4605,501.0
3508,12459,553.0
3509,10377,2419.0
3510,11995,594.0
3511,15378,901.0
3512,12844,298.0
3513,5918,383.0
3514,20560,422.0
3515,4254,734.0
3516,6304,1444.0
3517,2811,567.0
3518,483,1789.0
3519,9081,253.0
3520,7338,2163.0
3521,12034,553.0
3522,7005,340.0
3523,3473,540.0
3524,16525,237.0
3525,12726,764.0
3526,11278,478.0
3527,8657,843.0
3528,6845,2914.0
3529,8978,352.0
3530,16059,549.0
3531,8412,679.0
3532,6287,199.0
3533,18706,233.0
3534,3402,571.0
3535,8106,473.0
3536,8499,814.0
3537,3765,550.0
3538,8994,733.0
3539,19261,1118.0
3540,5172,238.0
3541,11032,1038.0
3542,1909,736.0
3543,15891,1596.0
3544,8510,233.0
3545,19609,298.0
3546,19904,397.0
3547,13264,549.0
3548,9576,552.0
3549,4321,547.0
3550,8524,557.0
3551,15779,706.0
3552,8145,296.0
3553,15990,1929.0
3554,6143,552.0
3555,3152,479.0
3556,14708,1140.0
3557,6438,291.0
3558,6125,582.0
3559,17217,546.0
3560,18958,244.0
3561,4868,291.0
3562,4706,613.0
3563,10420,555.0
3564,2343,551.0
3565,5722,496.0
3566,18930,1130.0
3567,8144,555.0
3568,10123,262.0
3569,12263,536.0
3570,3856,732.0
3571,6101,411.0
3572,7165,266.0
3573,20136,768.0
3574,18397,1479.0
3575,17955,508.0
3576,13617,583.0
3577,4905,688.0
3578,20275,411.0
3579,13610,248.0
3580,4426,520.0
3581,16210,1413.0
3582,6097,729.0
3583,9803,387.0
3584,19062,406.0
3585,4227,1061.0
3586,4187,1855.0
3587,11593,201.0
3588,10629,1489.0
3589,3142,386.0
3590,17531,440.0
3591,8858,543.0
3592,11845,265.0
3593,1147,551.0
3594,18646,465.0
3595,6089,1112.0
3596,4566,340.0
3597,11677,449.0
3598,533,763.0
3599,4065,485.0
3600,17360,315.0
3601,5555,297.0
3602,12715,308.0
3603,8780,462.0
3604,17639,535.0
3605,20440,562.0
3606,7626,707.0
3607,3968,1461.0
3608,1519,700.0
3609,18997,510.0
3610,16673,240.0
3611,6708,377.0
3612,16178,519.0
3613,14714,218.0
3614,3644,507.0
3615,11841,597.0
3616,4614,280.0
3617,17316,450.0
3618,19474,508.0
3619,6930,207.0
3620,3268,736.0
3621,10857,293.0
3622,550,503.0
3623,16287,2198.0
3624,15224,1729.0
3625,18252,546.0
3626,3654,1852.0
3627,6492,302.0
3628,13266,226.0
3629,10777,553.0
3630,15745,252.0
3631,1029,610.0
3632,19866,322.0
3633,4120,415.0
3634,7225,476.0
3635,17485,1606.0
3636,16622,884.0
3637,934,610.0
3638,4093,541.0
3639,9278,291.0
3640,15567,446.0
3641,894,1475.0
3642,1734,746.0
3643,16782,888.0
3644,6710,534.0
3645,10988,222.0
3646,12762,574.0
3647,5949,471.0
3648,12426,282.0
3649,17594,564.0
3650,5177,499.0
3651,6288,512.0
3652,17929,376.0
3653,1241,470.0
3654,20044,415.0
3655,13426,555.0
3656,5286,361.0
3657,688,253.0
3658,20802,371.0
3659,6181,531.0
3660,16374,401.0
3661,15556,1521.0
3662,16533,556.0
3663,16827,1053.0
3664,138,2150.0
3665,11471,298.0
3666,10109,532.0
3667,13227,327.0
3668,5327,273.0
3669,16024,721.0
3670,6514,379.0
3671,5539,1908.0
3672,13628,311.0
3673,7040,371.0
3674,1381,505.0
3675,18940,547.0
3676,2379,334.0
3677,7844,736.0
3678,25,520.0
3679,9339,884.0
3680,10477,5087.0
3681,6482,1016.0
3682,6730,537.0
3683,8864,205.0
3684,5789,281.0
3685,2427,500.0
3686,18570,501.0
3687,16684,575.0
3688,19465,341.0
3689,10502,207.0
3690,8989,599.0
3691,19989,1849.0
3692,12876,204.0
3693,1789,1380.0
3694,11763,1020.0
3695,10821,292.0
3696,8158,323.0
3697,1264,494.0
3698,676,1202.0
3699,19278,497.0
3700,277,277.0
3701,18352,1269.0
3702,9112,517.0
3703,6647,201.0
3704,4692,581.0
3705,12038,391.0
3706,10863,493.0
3707,9139,1161.0
3708,5823,471.0
3709,2531,234.0
3710,9421,477.0
3711,14083,767.0
3712,3801,1166.0
3713,13685,1005.0
3714,12631,521.0
3715,12501,514.0
3716,303,582.0
3717,3618,334.0
3718,14316,434.0
3719,12028,188.0
3720,5475,520.0
3721,13669,530.0
3722,13662,558.0
3723,18467,416.0
3724,2535,362.0
3725,3044,2402.0
3726,7888,355.0
3727,12790,460.0
3728,19107,2035.0
3729,5647,2192.0
3730,9980,573.0
3731,20787,2182.0
3732,18085,952.0
3733,20216,221.0
3734,760,504.0
3735,10097,-122.0
3736,5080,290.0
3737,19299,487.0
3738,17960,210.0
3739,6909,2537.0
3740,20805,299.0
3741,9132,307.0
3742,7780,463.0
3743,7438,311.0
3744,3122,320.0
3745,12295,276.0
3746,9687,1865.0
3747,16510,580.0
3748,9126,904.0
3749,11406,709.0
3750,14609,695.0
3751,8882,378.0
3752,19588,288.0
3753,2308,534.0
3754,7493,313.0
3755,8779,2824.0
3756,16142,1074.0
3757,11673,246.0
3758,13414,522.0
3759,1342,214.0
3760,14658,365.0
3761,1323,308.0
3762,4219,567.0
3763,7299,508.0
3764,1073,467.0
3765,17464,756.0
3766,9918,318.0
3767,10847,608.0
3768,2641,2176.0
3769,9606,654.0
3770,16423,565.0
3771,7670,609.0
3772,16026,450.0
3773,12894,166.0
3774,4012,485.0
3775,18338,559.0
3776,4264,650.0
3777,2490,175.0
3778,3757,1471.0
3779,11705,2138.0
3780,11483,287.0
3781,8872,568.0
3782,10419,1095.0
3783,1617,790.0
3784,10792,2268.0
3785,3947,2837.0
3786,2775,456.0
3787,2966,329.0
3788,12409,540.0
3789,14207,540.0
3790,13478,210.0
3791,16464,344.0
3792,15659,570.0
3793,566,732.0
3794,6587,597.0
3795,4563,320.0
3796,14501,355.0
3797,18760,2005.0
3798,10234,1476.0
3799,15162,2048.0
3800,20923,1239.0
3801,10886,449.0
3802,18910,697.0
3803,5763,561.0
3804,8287,953.0
3805,8765,583.0
3806,374,169.0
3807,2208,267.0
3808,12166,2059.0
3809,18791,1312.0
3810,11135,995.0
3811,13500,263.0
3812,12700,1020.0
3813,3967,386.0
3814,18638,299.0
3815,4691,387.0
3816,1621,1460.0
3817,8550,464.0
3818,1373,469.0
3819,19270,501.0
3820,3683,494.0
3821,20604,492.0
3822,12477,368.0
3823,2912,230.0
3824,4411,507.0
3825,11309,493.0
3826,2471,751.0
3827,5203,404.0
3828,8573,490.0
3829,7795,1877.0
3830,11507,228.0
3831,1985,504.0
3832,15296,586.0
3833,14686,448.0
3834,9713,262.0
3835,3918,505.0
3836,18240,557.0
3837,4681,343.0
3838,2563,792.0
3839,13770,549.0
3840,17336,680.0
3841,19340,481.0
3842,3732,462.0
3843,2564,475.0
3844,12661,329.0
3845,12416,616.0
3846,4057,391.0
3847,4983,370.0
3848,18729,284.0
3849,1065,944.0
3850,7613,276.0
3851,9047,333.0
3852,3157,777.0
3853,9847,428.0
3854,5063,2057.0
3855,8396,431.0
3856,4018,260.0
3857,8799,266.0
3858,11631,1701.0
3859,18593,767.0
3860,16722,2801.0
3861,19393,512.0
3862,12188,515.0
3863,19423,561.0
3864,19327,556.0
3865,3437,395.0
3866,12852,447.0
3867,14488,374.0
3868,19725,225.0
3869,12565,245.0
3870,11369,546.0
3871,2814,207.0
3872,10688,299.0
3873,9215,1085.0
3874,19410,498.0
3875,4102,518.0
3876,17444,525.0
3877,246,485.0
3878,19164,391.0
3879,1782,1879.0
3880,2926,538.0
3881,11365,520.0
3882,16018,540.0
3883,7249,697.0
3884,1683,1103.0
3885,20067,298.0
3886,11236,2164.0
3887,15763,2902.0
3888,13085,649.0
3889,1124,449.0
3890,8334,472.0
3891,14808,339.0
3892,6817,417.0
3893,11797,488.0
3894,13683,201.0
3895,11852,434.0
3896,15150,208.0
3897,700,322.0
3898,15778,459.0
3899,13452,263.0
3900,11641,922.0
3901,17493,511.0
3902,7873,376.0
3903,17602,2946.0
3904,6327,789.0
3905,12629,532.0
3906,2629,498.0
3907,6214,396.0
3908,19674,310.0
3909,403,135.0
3910,6427,198.0
3911,3569,401.0
3912,6025,1138.0
3913,7640,274.0
3914,12320,924.0
3915,18999,527.0
3916,15499,1268.0
3917,2620,430.0
3918,5939,1913.0
3919,18426,311.0
3920,10537,538.0
3921,8006,734.0
3922,7758,568.0
3923,19739,492.0
3924,940,222.0
3925,13587,861.0
3926,8502,593.0
3927,6742,523.0
3928,2919,2056.0
3929,10658,508.0
3930,5189,423.0
3931,17215,872.0
3932,18274,2618.0
3933,18832,271.0
3934,10227,389.0
3935,6984,276.0
3936,5265,688.0
3937,10697,728.0
3938,10633,605.0
3939,13560,435.0
3940,952,521.0
3941,4807,537.0
3942,7275,553.0
3943,14903,541.0
3944,1398,436.0
3945,20364,1236.0
3946,9939,528.0
3947,20397,507.0
3948,4960,677.0
3949,2852,507.0
3950,10071,1126.0
3951,15094,610.0
3952,1744,384.0
3953,5881,372.0
3954,18326,231.0
3955,17662,460.0
3956,19634,2172.0
3957,9088,1200.0
3958,14810,447.0
3959,8188,454.0
3960,13676,553.0
3961,2840,2090.0
3962,2210,321.0
3963,20444,1164.0
3964,18857,481.0
3965,4561,275.0
3966,20521,527.0
3967,15694,511.0
3968,8615,794.0
3969,2170,145.0
3970,19395,2152.0
3971,10118,568.0
3972,11623,463.0
3973,11662,473.0
3974,12196,565.0
3975,7749,548.0
3976,16109,233.0
3977,15715,449.0
3978,11640,266.0
3979,10755,724.0
3980,7779,283.0
3981,19743,1024.0
3982,639,583.0
3983,8376,459.0
3984,3288,582.0
3985,18022,273.0
3986,9944,513.0
3987,5142,477.0
3988,16668,594.0
3989,8905,523.0
3990,12148,427.0
3991,9087,758.0
3992,20402,561.0
3993,7153,364.0
3994,17987,567.0
3995,9587,507.0
3996,16195,770.0
3997,11127,747.0
3998,16025,494.0
3999,71,488.0
4000,17805,482.0
4001,19460,358.0
4002,9912,537.0
4003,5361,468.0
4004,17447,2497.0
4005,11716,319.0
4006,1818,432.0
4007,12199,400.0
4008,19744,712.0
4009,5372,290.0
4010,15655,1052.0
4011,1485,517.0
4012,4076,734.0
4013,14860,430.0
4014,7943,433.0
4015,13565,400.0
4016,9231,281.0
4017,4412,534.0
4018,13671,457.0
4019,8923,252.0
4020,8190,253.0
4021,4247,1741.0
4022,11202,538.0
4023,3321,902.0
4024,1894,325.0
4025,18497,325.0
4026,2624,423.0
4027,4482,265.0
4028,3872,546.0
4029,15157,1486.0
4030,2850,555.0
4031,20816,491.0
4032,7468,273.0
4033,20096,371.0
4034,8899,237.0
4035,7706,502.0
4036,4857,573.0
4037,3674,550.0
4038,13601,555.0
4039,10995,568.0
4040,16507,842.0
4041,15184,324.0
4042,15910,605.0
4043,14943,1463.0
4044,3258,485.0
4045,8843,1269.0
4046,7913,1271.0
4047,13275,533.0
4048,8557,180.0
4049,268,467.0
4050,8026,521.0
4051,18762,495.0
4052,12520,264.0
4053,13820,272.0
4054,6513,643.0
4055,18000,561.0
4056,4001,319.0
4057,8414,326.0
4058,2849,1925.0
4059,17779,438.0
4060,8916,783.0
4061,13658,466.0
4062,6785,416.0
4063,20799,600.0
4064,12571,267.0
4065,20207,231.0
4066,17539,490.0
4067,17914,425.0
4068,5083,460.0
4069,4912,346.0
4070,10384,262.0
4071,15834,571.0
4072,12395,243.0
4073,2043,521.0
4074,11429,458.0
4075,4640,527.0
4076,2766,280.0
4077,12922,936.0
4078,1244,553.0
4079,8400,487.0
4080,10101,1227.0
4081,9279,287.0
4082,14590,404.0
4083,7013,501.0
4084,17728,476.0
4085,9069,493.0
4086,2354,1729.0
4087,9708,1820.0
4088,6544,396.0
4089,2752,210.0
4090,13675,474.0
4091,15078,510.0
4092,9349,462.0
4093,14946,459.0
4094,9594,1144.0
4095,7233,517.0
4096,2077,811.0
4097,6171,501.0
4098,7082,732.0
4099,2301,580.0
4100,19888,302.0
4101,15693,207.0
4102,7059,471.0
4103,7224,365.0
4104,16527,2887.0
4105,7506,508.0
4106,17905,234.0
4107,18814,387.0
4108,10735,517.0
4109,13469,2064.0
4110,10493,222.0
4111,18926,1341.0
4112,10632,478.0
4113,16950,496.0
4114,16948,460.0
4115,20659,1626.0
4116,3045,264.0
4117,19161,345.0
4118,11695,277.0
4119,19530,272.0
4120,6822,552.0
4121,19977,968.0
4122,2723,545.0
4123,10265,1837.0
4124,6451,291.0
4125,13649,548.0
4126,16568,710.0
4127,16712,2047.0
4128,14850,585.0
4129,15653,499.0
4130,864,490.0
4131,6999,507.0
4132,7475,776.0
4133,12070,673.0
4134,18844,465.0
4135,9382,395.0
4136,19518,521.0
4137,12998,456.0
4138,13054,230.0
4139,18653,454.0
4140,6353,522.0
4141,20693,383.0
4142,4429,1457.0
4143,11449,1442.0
4144,12394,524.0
4145,18210,563.0
4146,291,523.0
4147,12439,690.0
4148,7098,474.0
4149,751,352.0
4150,15382,459.0
4151,1612,744.0
4152,20354,696.0
4153,1059,539.0
4154,4168,490.0
4155,14119,388.0
4156,15833,676.0
4157,6895,381.0
4158,14755,526.0
4159,4560,185.0
4160,4828,657.0
4161,6650,276.0
4162,7118,457.0
4163,5932,525.0
4164,15882,570.0
4165,8466,1042.0
4166,16021,1399.0
4167,9774,414.0
4168,11058,363.0
4169,16471,207.0
4170,16298,595.0
4171,12725,720.0
4172,1112,566.0
4173,4470,2011.0
4174,6303,504.0
4175,20686,682.0
4176,11857,367.0
4177,14258,521.0
4178,18325,696.0
4179,19817,254.0
4180,9515,867.0
4181,3269,1332.0
4182,6768,2423.0
4183,11737,458.0
4184,16485,901.0
4185,4330,501.0
4186,11416,767.0
4187,4569,250.0
4188,12985,550.0
4189,2133,565.0
4190,1292,135.0
4191,1492,309.0
4192,18175,2587.0
4193,10807,296.0
4194,15628,229.0
4195,10487,823.0
4196,18894,536.0
4197,11085,538.0
4198,4679,385.0
4199,410,357.0
4200,3777,365.0
4201,7173,451.0
4202,18178,476.0
4203,12984,2644.0
4204,16236,480.0
4205,6282,552.0
4206,1980,534.0
4207,3114,731.0
4208,17661,399.0
4209,18650,542.0
4210,13079,353.0
4211,1634,992.0
4212,8632,566.0
4213,3528,430.0
4214,7444,927.0
4215,10732,688.0
4216,2898,1484.0
4217,16106,836.0
4218,8410,327.0
4219,2733,1461.0
4220,2001,369.0
4221,7450,472.0
4222,1396,1662.0
4223,7776,1099.0
4224,15706,301.0
4225,18953,550.0
4226,6470,487.0
4227,16918,681.0
4228,13328,996.0
4229,19180,707.0
4230,16810,555.0
4231,17730,250.0
4232,18674,1341.0
4233,14059,545.0
4234,20853,465.0
4235,1722,510.0
4236,14592,690.0
4237,11843,688.0
4238,17776,272.0
4239,11556,292.0
4240,2121,503.0
4241,173,435.0
4242,17242,1343.0
4243,13546,654.0
4244,10915,324.0
4245,4676,200.0
4246,3870,641.0
4247,5277,1717.0
4248,11953,480.0
4249,12410,1941.0
4250,8891,1470.0
4251,11893,293.0
4252,16338,466.0
4253,11398,358.0
4254,4220,1625.0
4255,15456,307.0
4256,4869,438.0
4257,11067,332.0
4258,6229,552.0
4259,16010,294.0
4260,6244,499.0
4261,7668,271.0
4262,20625,215.0
4263,9894,335.0
4264,17982,465.0
4265,5726,1969.0
4266,4415,920.0
4267,5204,537.0
4268,18975,146.0
4269,3357,522.0
4270,5645,276.0
4271,3639,249.0
4272,15770,472.0
4273,7689,794.0
4274,3796,505.0
4275,17519,745.0
4276,7760,608.0
4277,3981,339.0
4278,12673,296.0
4279,7831,614.0
4280,4780,455.0
4281,2303,340.0
4282,7455,1394.0
4283,20224,295.0
4284,9805,2569.0
4285,20123,2814.0
4286,16065,1565.0
4287,10402,577.0
4288,10479,569.0
4289,18290,588.0
4290,5193,300.0
4291,169,520.0
4292,10925,1715.0
4293,4471,260.0
4294,1595,289.0
4295,9670,277.0
4296,10928,532.0
4297,5171,552.0
4298,7321,627.0
4299,5755,1119.0
4300,18410,530.0
4301,3283,467.0
4302,3876,1273.0
4303,5281,274.0
4304,5273,718.0
4305,1338,202.0
4306,5031,631.0
4307,1069,2891.0
4308,5436,342.0
4309,16084,525.0
4310,18128,681.0
4311,7877,240.0
4312,8293,553.0
4313,10718,738.0
4314,8088,538.0
4315,6552,2121.0
4316,11156,376.0
4317,12003,513.0
4318,1197,478.0
4319,15402,860.0
4320,5782,185.0
4321,3420,320.0
4322,2599,445.0
4323,318,304.0
4324,2186,489.0
4325,8918,499.0
4326,6797,512.0
4327,9071,343.0
4328,5256,255.0
4329,19248,512.0
4330,5777,2387.0
4331,10430,569.0
4332,9004,328.0
4333,7535,622.0
4334,6751,301.0
4335,7558,468.0
4336,452,340.0
4337,9876,557.0
4338,19321,1423.0
4339,9729,487.0
4340,4038,551.0
4341,17638,205.0
4342,139,465.0
4343,11582,553.0
4344,19822,388.0
4345,12666,302.0
4346,13793,569.0
4347,386,1734.0
4348,11766,404.0
4349,9997,496.0
4350,718,627.0
4351,9577,524.0
4352,12905,568.0
4353,19205,520.0
4354,17821,586.0
4355,4677,737.0
4356,13291,190.0
4357,16253,895.0
4358,8902,522.0
4359,5520,1951.0
4360,14209,389.0
4361,18232,586.0
4362,19519,524.0
4363,1418,560.0
4364,16155,563.0
4365,8358,1580.0
4366,3230,2421.0
4367,3657,1428.0
4368,20016,599.0
4369,6285,270.0
4370,1526,319.0
4371,19041,1898.0
4372,15239,530.0
4373,5271,732.0
4374,8984,569.0
4375,9536,1354.0
4376,20587,474.0
4377,15739,480.0
4378,11214,223.0
4379,11348,554.0
4380,13866,1130.0
4381,10668,523.0
4382,18259,541.0
4383,18998,497.0
4384,148,310.0
4385,2528,249.0
4386,1763,926.0
4387,14054,459.0
4388,7062,243.0
4389,8618,933.0
4390,14756,575.0
4391,18077,942.0
4392,5234,627.0
4393,10373,465.0
4394,7622,587.0
4395,4800,490.0
4396,15561,2812.0
4397,9203,553.0
4398,7494,978.0
4399,3977,259.0
4400,19309,436.0
4401,14330,496.0
4402,7868,521.0
4403,4273,214.0
4404,7739,281.0
4405,4923,717.0
4406,20943,587.0
4407,9172,475.0
4408,7133,347.0
4409,13949,745.0
4410,19535,456.0
4411,2798,335.0
4412,10179,1184.0
4413,11115,897.0
4414,9031,523.0
4415,15154,389.0
4416,3520,290.0
4417,4588,326.0
4418,20019,476.0
4419,6696,427.0
4420,829,240.0
4421,754,323.0
4422,11733,322.0
4423,19927,527.0
4424,19747,1942.0
4425,9628,455.0
4426,9675,381.0
4427,17545,1426.0
4428,8291,734.0
4429,19401,592.0
4430,13727,250.0
4431,13058,2886.0
4432,19002,682.0
4433,13088,334.0
4434,1443,1262.0
4435,12020,511.0
4436,12796,840.0
4437,20182,972.0
4438,6827,462.0
4439,19035,1433.0
4440,11940,475.0
4441,15002,891.0
4442,6017,471.0
4443,20147,250.0
4444,15860,435.0
4445,13023,476.0
4446,832,337.0
4447,14167,324.0
4448,18755,331.0
4449,10881,1361.0
4450,8873,462.0
4451,8741,418.0
4452,13187,2154.0
4453,11239,2044.0
4454,20825,389.0
4455,17267,2391.0
4456,543,223.0
4457,2779,444.0
4458,14440,427.0
4459,7094,1761.0
4460,15620,318.0
4461,15371,725.0
4462,8727,583.0
4463,9448,613.0
4464,5241,582.0
4465,8323,1032.0
4466,2475,305.0
4467,18424,571.0
4468,13217,886.0
4469,8809,642.0
4470,1817,549.0
4471,19650,437.0
4472,8922,981.0
4473,18746,421.0
4474,19202,314.0
4475,2763,2014.0
4476,20187,382.0
4477,2472,340.0
4478,11075,1961.0
4479,8790,502.0
4480,16817,768.0
4481,13910,2857.0
4482,10934,548.0
4483,5513,793.0
4484,4177,406.0
4485,17796,605.0
4486,9462,607.0
4487,19698,385.0
4488,11632,473.0
4489,7410,295.0
4490,19146,587.0
4491,1819,663.0
4492,3973,509.0
4493,14450,2329.0
4494,3132,380.0
4495,12086,1186.0
4496,20577,673.0
4497,10321,533.0
4498,4221,977.0
4499,1436,1457.0
4500,13598,564.0
4501,8737,297.0
4502,11798,357.0
4503,13410,749.0
4504,15713,1245.0
4505,9253,1472.0
4506,20857,481.0
4507,20887,801.0
4508,5213,400.0
4509,6242,522.0
4510,18859,739.0
4511,10241,1872.0
4512,385,1081.0
4513,16985,441.0
4514,917,437.0
4515,8374,2360.0
4516,3758,460.0
4517,460,367.0
4518,6502,373.0
4519,711,221.0
4520,14907,509.0
4521,7698,552.0
4522,2344,289.0
4523,4888,448.0
4524,12334,414.0
4525,7555,637.0
4526,9723,554.0
4527,4728,522.0
4528,11478,252.0
4529,2562,382.0
4530,19752,220.0
4531,6227,311.0
4532,3262,386.0
4533,13162,304.0
4534,10623,1818.0
4535,11099,525.0
4536,1504,564.0
4537,9554,231.0
4538,18752,280.0
4539,8716,528.0
4540,17441,458.0
4541,10077,656.0
4542,1316,534.0
4543,7356,495.0
4544,9513,307.0
4545,4638,302.0
4546,4390,1776.0
4547,3781,1459.0
4548,10628,473.0
4549,4864,506.0
4550,1908,237.0
4551,10509,240.0
4552,8025,472.0
4553,5015,553.0
4554,10236,552.0
4555,10769,509.0
4556,6275,371.0
4557,20213,1849.0
4558,15086,399.0
4559,14027,585.0
4560,4896,257.0
4561,11392,1036.0
4562,16256,489.0
4563,13340,508.0
4564,2326,2971.0
4565,14127,318.0
4566,1594,274.0
4567,7467,233.0
4568,13461,2360.0
4569,3345,385.0
4570,18693,205.0
4571,3305,536.0
4572,13503,525.0
4573,989,301.0
4574,6988,546.0
4575,4217,245.0
4576,3352,706.0
4577,16751,326.0
4578,16463,405.0
4579,20749,437.0
4580,7766,301.0
4581,10000,532.0
4582,4772,1921.0
4583,11944,359.0
4584,2774,526.0
4585,118,647.0
4586,662,1203.0
4587,16055,306.0
4588,11867,660.0
4589,20327,967.0
4590,9313,1442.0
4591,17918,541.0
4592,20227,247.0
4593,4165,545.0
4594,13353,420.0
4595,4945,1616.0
4596,12518,490.0
4597,699,189.0
4598,16474,606.0
4599,17031,748.0
4600,13175,519.0
4601,17641,571.0
4602,344,765.0
4603,4054,381.0
4604,15015,585.0
4605,18992,312.0
4606,13743,531.0
4607,3181,744.0
4608,17434,561.0
4609,14537,571.0
4610,18353,465.0
4611,7347,643.0
4612,8817,869.0
4613,2355,2042.0
4614,18247,1152.0
4615,3807,355.0
4616,12235,540.0
4617,19668,465.0
4618,7682,210.0
4619,13171,1464.0
4620,2583,543.0
4621,19137,3700.0
4622,19086,1519.0
4623,4356,356.0
4624,19794,557.0
4625,18531,309.0
4626,12861,2900.0
4627,15825,479.0
4628,19349,599.0
4629,16413,579.0
4630,9822,554.0
4631,10954,539.0
4632,6539,2347.0
4633,17725,652.0
4634,20048,438.0
4635,1973,540.0
4636,349,1088.0
4637,15428,315.0
4638,9066,487.0
4639,16192,555.0
4640,7598,371.0
4641,9825,292.0
4642,13616,2652.0
4643,1667,309.0
4644,16648,344.0
4645,8987,525.0
4646,18064,510.0
4647,15540,249.0
4648,7435,166.0
4649,7895,704.0
4650,20622,383.0
4651,3457,431.0
4652,4609,423.0
4653,10854,206.0
4654,15484,2165.0
4655,2227,241.0
4656,7733,463.0
4657,14178,519.0
4658,613,505.0
4659,16096,631.0
4660,3907,233.0
4661,13552,218.0
4662,475,384.0
4663,1889,659.0
4664,729,540.0
4665,15448,207.0
4666,1765,1533.0
4667,606,619.0
4668,6168,2422.0
4669,1107,526.0
4670,5388,552.0
4671,14698,479.0
4672,18305,299.0
4673,3534,820.0
4674,13846,412.0
4675,4393,3320.0
4676,9380,244.0
4677,8654,553.0
4678,3903,510.0
4679,4336,1459.0
4680,18321,576.0
4681,12972,554.0
4682,1020,292.0
4683,8972,553.0
4684,9244,443.0
4685,12285,384.0
4686,20072,938.0
4687,8960,355.0
4688,20407,546.0
4689,8329,1518.0
4690,4086,387.0
4691,9196,174.0
4692,5201,552.0
4693,16984,430.0
4694,10610,568.0
4695,19437,756.0
4696,14800,2391.0
4697,2529,141.0
4698,16005,640.0
4699,962,974.0
4700,7992,384.0
4701,9361,266.0
4702,5519,671.0
4703,13090,1209.0
4704,15110,1088.0
4705,15262,1369.0
4706,13509,2165.0
4707,527,1231.0
4708,11710,-91.0
4709,11234,568.0
4710,5036,1491.0
4711,20177,336.0
4712,170,492.0
4713,17544,391.0
4714,9180,909.0
4715,5984,600.0
4716,9504,554.0
4717,18901,142.0
4718,7491,383.0
4719,18345,431.0
4720,15539,972.0
4721,7436,553.0
4722,19831,405.0
4723,1321,465.0
4724,2690,641.0
4725,11232,552.0
4726,19883,909.0
4727,19469,192.0
4728,7360,583.0
4729,18885,375.0
4730,19598,604.0
4731,11437,338.0
4732,7192,292.0
4733,10520,1431.0
4734,5765,1019.0
4735,6279,223.0
4736,13792,283.0
4737,3661,515.0
4738,12279,1095.0
4739,4571,936.0
4740,16899,519.0
4741,5496,2628.0
4742,9936,553.0
4743,3298,877.0
4744,753,522.0
4745,16387,249.0
4746,19114,1418.0
4747,17204,428.0
4748,16518,225.0
4749,10953,2058.0
4750,20384,228.0
4751,8504,246.0
4752,853,469.0
4753,9272,638.0
4754,13118,922.0
4755,7101,531.0
4756,14688,480.0
4757,17966,475.0
4758,79,1669.0
4759,222,521.0
4760,11962,744.0
4761,18895,2422.0
4762,2718,566.0
4763,5434,776.0
4764,6685,512.0
4765,13629,1421.0
4766,13448,558.0
4767,8609,483.0
4768,2710,520.0
4769,7216,461.0
4770,1405,391.0
4771,2534,3066.0
4772,5657,331.0
4773,9432,319.0
4774,7124,1188.0
4775,13657,2224.0
4776,8480,2363.0
4777,11384,1795.0
4778,5221,551.0
4779,7966,262.0
4780,8172,296.0
4781,13926,390.0
4782,20311,217.0
4783,7272,208.0
4784,2296,545.0
4785,19032,1428.0
4786,19374,994.0
4787,13843,530.0
4788,14074,575.0
4789,2013,312.0
4790,9855,224.0
4791,16281,247.0
4792,19979,446.0
4793,14462,558.0
4794,19940,236.0
4795,4705,441.0
4796,18375,817.0
4797,7566,238.0
4798,13517,373.0
4799,20319,511.0
4800,16455,384.0
4801,18164,442.0
4802,11457,1061.0
4803,8254,723.0
4804,3602,762.0
4805,18107,611.0
4806,16076,615.0
4807,9891,3492.0
4808,2550,293.0
4809,8453,332.0
4810,15204,420.0
4811,9698,97.0
4812,3740,627.0
4813,3812,469.0
4814,703,249.0
4815,1041,248.0
4816,3024,489.0
4817,13358,198.0
4818,11664,283.0
4819,5117,565.0
4820,12510,554.0
4821,14735,530.0
4822,16937,437.0
4823,11980,288.0
4824,13474,407.0
4825,11511,961.0
4826,13578,570.0
4827,19162,542.0
4828,9635,279.0
4829,8445,489.0
4830,20202,356.0
4831,12887,482.0
4832,1551,244.0
4833,17693,515.0
4834,19900,296.0
4835,4197,557.0
4836,20482,2829.0
4837,2993,492.0
4838,6207,232.0
4839,6916,749.0
4840,18790,232.0
4841,12029,2047.0
4842,12408,2405.0
4843,14093,613.0
4844,2935,190.0
4845,20287,80.0
4846,10183,780.0
4847,6780,1484.0
4848,6425,351.0
4849,13261,409.0
4850,19177,358.0
4851,13160,495.0
4852,6378,557.0
4853,20703,521.0
4854,19523,417.0
4855,8640,583.0
4856,11255,218.0
4857,4266,346.0
4858,17432,527.0
4859,8366,535.0
4860,5567,1605.0
4861,15497,1101.0
4862,1138,377.0
4863,19841,629.0
4864,17327,1087.0
4865,17334,1027.0
4866,18091,2366.0
4867,725,488.0
4868,5269,322.0
4869,3963,394.0
4870,1475,2823.0
4871,7988,1881.0
4872,1272,566.0
4873,14704,227.0
4874,14454,528.0
4875,19980,407.0
4876,9283,1607.0
4877,15645,198.0
4878,13276,1592.0
4879,9374,1161.0
4880,10598,737.0
4881,15679,559.0
4882,13126,268.0
4883,11609,218.0
4884,13780,441.0
4885,0,655.0
4886,5113,492.0
4887,4209,596.0
4888,20964,250.0
4889,4555,581.0
4890,14028,298.0
4891,2615,265.0
4892,12475,534.0
4893,14249,320.0
4894,19504,995.0
4895,20281,889.0
4896,3642,866.0
4897,15603,401.0
4898,10113,573.0
4899,10736,206.0
4900,17128,2155.0
4901,13817,579.0
4902,2451,622.0
4903,12058,854.0
4904,20001,491.0
4905,13354,314.0
4906,8585,226.0
4907,1261,531.0
4908,12026,2053.0
4909,3378,490.0
4910,15188,387.0
4911,8486,552.0
4912,3877,273.0
4913,1876,552.0
4914,15274,400.0
4915,17159,463.0
4916,11421,539.0
4917,7266,486.0
4918,10910,900.0
4919,1491,2356.0
4920,14408,559.0
4921,1897,204.0
4922,18976,542.0
4923,20372,2708.0
4924,11988,496.0
4925,16600,499.0
4926,3105,522.0
4927,18639,1268.0
4928,6429,613.0
4929,9398,498.0
4930,19500,514.0
4931,1158,402.0
4932,11928,475.0
4933,5965,1359.0
4934,2930,1057.0
4935,3165,1128.0
4936,4879,845.0
4937,14328,545.0
4938,13181,781.0
4939,19210,996.0
4940,15256,570.0
4941,456,1793.0
4942,2055,340.0
4943,15419,729.0
4944,4747,1760.0
4945,12253,298.0
4946,10927,414.0
4947,12950,203.0
4948,15851,300.0
4949,11335,512.0
4950,10471,513.0
4951,13257,243.0
4952,14477,1493.0
4953,6593,4193.0
4954,12523,525.0
4955,10801,737.0
4956,17041,2166.0
4957,29,109.0
4958,16156,387.0
4959,736,551.0
4960,12301,659.0
4961,12392,374.0
4962,13742,206.0
4963,14793,509.0
4964,6291,626.0
4965,8425,361.0
4966,11799,865.0
4967,5586,522.0
4968,17457,556.0
4969,18117,430.0
4970,14190,524.0
4971,4026,556.0
4972,10316,478.0
4973,9077,708.0
4974,259,381.0
4975,8847,377.0
4976,11626,2179.0
4977,11013,350.0
4978,4726,345.0
4979,8140,569.0
4980,5175,315.0
4981,8078,373.0
4982,11564,237.0
4983,4529,527.0
4984,20050,1687.0
4985,18682,667.0
4986,2402,822.0
4987,16131,435.0
4988,16286,512.0
4989,13143,810.0
4990,4144,344.0
4991,13938,434.0
4992,4651,1951.0
4993,9733,738.0
4994,492,434.0
4995,4269,265.0
4996,15024,604.0
4997,1739,473.0
4998,12374,1141.0
4999,15544,527.0
5000,3578,606.0
5001,20233,101.0
5002,13827,480.0
5003,20146,626.0
5004,9324,2148.0
5005,11729,315.0
5006,12508,471.0
5007,14088,255.0
5008,14076,891.0
5009,2925,642.0
5010,11661,447.0
5011,5199,1353.0
5012,8890,463.0
5013,19001,844.0
5014,10532,910.0
5015,10422,413.0
5016,3119,146.0
5017,13524,489.0
5018,16354,255.0
5019,4495,1182.0
5020,9549,2404.0
5021,20167,452.0
5022,11723,216.0
5023,1465,530.0
5024,3724,388.0
5025,10788,1680.0
5026,12120,496.0
5027,16417,401.0
5028,19760,572.0
5029,4511,288.0
5030,12319,699.0
5031,779,1337.0
5032,2239,200.0
5033,8031,543.0
5034,14715,600.0
5035,20109,285.0
5036,6918,261.0
5037,13754,435.0
5038,18536,1567.0
5039,4318,571.0
5040,5386,296.0
5041,3624,596.0
5042,4633,207.0
5043,17040,544.0
5044,4316,523.0
5045,14242,300.0
5046,5472,426.0
5047,14342,328.0
5048,14648,1065.0
5049,6628,1741.0
5050,14795,489.0
5051,5654,381.0
5052,15754,945.0
5053,11872,928.0
5054,7761,407.0
5055,9100,507.0
5056,3467,2392.0
5057,314,277.0
5058,3692,503.0
5059,18544,433.0
5060,5868,1790.0
5061,3739,320.0
5062,12954,570.0
5063,20222,221.0
5064,3597,1474.0
5065,19342,221.0
5066,18044,505.0
5067,3358,554.0
5068,5664,567.0
5069,19193,560.0
5070,1018,974.0
5071,47,1798.0
5072,3346,672.0
5073,294,1014.0
5074,4754,476.0
5075,16857,355.0
5076,14802,525.0
5077,4504,471.0
5078,8688,436.0
5079,17772,550.0
5080,18864,1492.0
5081,851,1012.0
5082,156,743.0
5083,7653,232.0
5084,15060,1682.0
5085,15326,459.0
5086,9575,1485.0
5087,11787,267.0
5088,11235,473.0
5089,16941,1048.0
5090,3458,1022.0
5091,13164,1958.0
5092,17953,1940.0
5093,12094,337.0
5094,17692,215.0
5095,7103,2872.0
5096,8627,567.0
5097,3958,491.0
5098,7246,767.0
5099,404,788.0
5100,1529,1954.0
5101,16081,630.0
5102,19551,323.0
5103,17888,330.0
5104,15130,1010.0
5105,8183,411.0
5106,16537,404.0
5107,4479,491.0
5108,20652,1203.0
5109,14080,734.0
5110,12489,465.0
5111,11054,942.0
5112,13803,399.0
5113,5287,501.0
5114,7919,614.0
5115,11743,719.0
5116,11031,260.0
5117,20225,3477.0
5118,2015,174.0
5119,4108,520.0
5120,14982,382.0
5121,2223,229.0
5122,6461,745.0
5123,14788,472.0
5124,4443,240.0
5125,11956,737.0
5126,8635,192.0
5127,13485,553.0
5128,6762,538.0
5129,13882,311.0
5130,8686,296.0
5131,15136,657.0
5132,16182,235.0
5133,13298,311.0
5134,18026,415.0
5135,2295,241.0
5136,13065,558.0
5137,14078,2948.0
5138,9585,527.0
5139,12356,597.0
5140,11647,1492.0
5141,16043,240.0
5142,3542,426.0
5143,6636,594.0
5144,11209,2394.0
5145,12788,3789.0
5146,4060,587.0
5147,3626,1936.0
5148,19919,265.0
5149,15748,556.0
5150,9553,520.0
5151,18038,239.0
5152,18955,603.0
5153,19872,357.0
5154,8607,1340.0
5155,8748,1927.0
5156,5628,339.0
5157,9963,408.0
5158,1219,370.0
5159,19874,649.0
5160,13790,2180.0
5161,19647,827.0
5162,20704,559.0
5163,3766,2041.0
5164,9552,229.0
5165,17071,488.0
5166,16381,202.0
5167,16380,295.0
5168,6856,527.0
5169,17027,445.0
5170,3292,297.0
5171,9769,584.0
5172,8223,553.0
5173,18385,2906.0
5174,15841,284.0
5175,5511,500.0
5176,13959,268.0
5177,16621,366.0
5178,2233,877.0
5179,9466,239.0
5180,20763,551.0
5181,12317,201.0
5182,1733,202.0
5183,20790,200.0
5184,13382,976.0
5185,13174,548.0
5186,16378,983.0
5187,14085,297.0
5188,3575,338.0
5189,19056,296.0
5190,663,424.0
5191,10028,303.0
5192,2172,160.0
5193,4573,505.0
5194,16976,194.0
5195,19138,405.0
5196,12178,539.0
5197,16416,451.0
5198,14547,380.0
5199,20573,443.0
5200,17430,574.0
5201,12398,279.0
5202,18322,149.0
5203,16703,739.0
5204,3988,401.0
5205,4457,376.0
5206,17854,520.0
5207,10581,524.0
5208,5735,1389.0
5209,9522,433.0
5210,17415,525.0
5211,15704,1854.0
5212,19115,872.0
5213,1385,364.0
5214,861,457.0
5215,4458,957.0
5216,3007,1092.0
5217,11219,282.0
5218,6907,612.0
5219,19565,230.0
5220,2237,726.0
5221,15138,448.0
5222,13537,544.0
5223,15707,2128.0
5224,3547,948.0
5225,8343,206.0
5226,554,375.0
5227,11301,465.0
5228,13158,555.0
5229,11528,539.0
5230,11726,451.0
5231,1166,976.0
5232,1191,445.0
5233,15317,217.0
5234,648,391.0
5235,12158,569.0
5236,6007,1460.0
5237,15547,265.0
5238,12515,2164.0
5239,14033,411.0
5240,297,908.0
5241,18733,443.0
5242,6162,219.0
5243,13574,663.0
